id,year,month,unit,dacoity,robbery,murder,speedy_trial,riot,woman_child_repression,kidnapping,police_assault,burglary,theft,other_cases,recovery_cases,total_cases
1,2026,January,DMP,4,29,21,4,1,108,14,5,42,101,401,622,1352
2,2026,January,CMP,0,6,6,6,0,39,2,1,14,33,118,197,422
3,2026,January,KMP,0,4,1,2,0,7,1,0,0,17,25,58,115
4,2026,January,RMP,0,2,2,0,0,7,1,1,2,7,40,105,167
5,2026,January,BMP,1,0,1,0,0,18,5,0,3,4,43,34,109
6,2026,January,SMP,1,2,1,8,0,7,0,3,0,7,41,82,152
7,2026,January,RPMP,0,0,2,0,0,7,0,2,1,2,23,36,73
8,2026,January,GMP,3,9,0,1,0,26,8,2,5,15,67,124,260
9,2026,January,"Dhaka Range",12,42,73,7,0,252,10,11,42,123,1065,1171,2808
10,2026,January,"Mymensingh Range",0,6,17,4,0,69,1,4,4,49,367,290,811
11,2026,January,"Chittagong Range",14,19,56,9,0,165,23,3,60,134,972,934,2389
12,2026,January,"Sylhet Range",3,7,11,3,0,46,2,1,0,51,362,231,717
13,2026,January,"Khulna Range",1,9,35,7,0,108,6,2,28,83,462,510,1251
14,2026,January,"Barishal Range",3,4,20,3,0,113,2,0,16,32,407,216,816
15,2026,January,"Rajshahi Range",8,15,24,1,0,142,4,3,7,85,553,488,1330
16,2026,January,"Rangpur Range",2,7,15,1,0,167,7,4,12,72,631,302,1220
17,2026,January,"Railway Range",0,2,2,1,0,0,1,0,0,13,12,35,66
18,2026,February,DMP,3,22,16,4,0,96,12,8,42,84,364,390,1041
19,2026,February,CMP,0,10,4,5,0,30,4,2,4,17,124,140,340
20,2026,February,KMP,1,3,4,0,0,9,1,0,3,12,26,32,91
21,2026,February,RMP,0,3,4,0,0,12,0,0,2,4,29,36,90
22,2026,February,BMP,1,1,1,2,0,18,6,0,5,6,44,22,106
23,2026,February,SMP,0,4,1,1,0,5,0,2,5,11,37,57,123
24,2026,February,RPMP,0,0,0,0,0,6,0,1,2,4,17,27,57
25,2026,February,GMP,1,2,2,3,0,28,3,3,0,12,71,88,213
26,2026,February,"Dhaka Range",12,30,57,2,0,240,7,8,31,96,1090,798,2371
27,2026,February,"Mymensingh Range",3,1,15,3,0,58,6,2,6,23,363,231,711
28,2026,February,"Chittagong Range",14,23,54,11,0,171,12,6,45,107,889,652,1984
29,2026,February,"Sylhet Range",1,2,20,2,0,40,1,1,4,34,316,155,576
30,2026,February,"Khulna Range",2,7,26,7,1,95,1,4,14,67,494,335,1053
31,2026,February,"Barishal Range",2,2,9,7,0,108,0,2,12,29,423,181,775
32,2026,February,"Rajshahi Range",2,14,22,1,0,140,1,1,2,60,594,309,1146
33,2026,February,"Rangpur Range",0,6,15,0,0,125,10,2,10,57,616,213,1054
34,2026,February,"Railway Range",0,4,0,0,0,0,0,0,0,11,7,22,44
35,2026,March,DMP,5,25,24,7,0,111,20,7,62,99,472,473,1305
36,2026,March,CMP,1,4,3,7,0,29,0,5,13,22,129,195,408
37,2026,March,KMP,0,0,4,0,0,8,2,2,0,16,28,45,105
38,2026,March,RMP,0,1,1,0,0,10,3,1,4,11,47,54,132
39,2026,March,BMP,0,0,1,3,0,9,3,0,3,11,60,41,131
40,2026,March,SMP,0,3,3,5,0,4,2,3,0,19,46,85,170
41,2026,March,RPMP,0,2,3,2,0,3,1,0,1,10,46,44,112
42,2026,March,GMP,1,5,5,3,0,24,9,4,2,9,103,142,307
43,2026,March,"Dhaka Range",13,23,71,10,0,258,12,9,41,150,1384,1227,3198
44,2026,March,"Mymensingh Range",0,6,20,4,0,87,4,2,8,37,475,303,946
45,2026,March,"Chittagong Range",12,22,61,17,0,210,26,5,67,132,1231,854,2637
46,2026,March,"Sylhet Range",1,6,17,6,0,80,0,3,9,49,480,242,893
47,2026,March,"Khulna Range",2,14,31,17,0,137,6,7,24,95,699,505,1537
48,2026,March,"Barishal Range",1,5,17,5,0,151,1,2,30,49,532,257,1050
49,2026,March,"Rajshahi Range",2,17,41,4,0,185,3,6,7,60,855,492,1672
50,2026,March,"Rangpur Range",1,7,15,1,0,179,10,7,13,75,770,407,1485
51,2026,March,"Railway Range",0,2,0,0,0,0,0,0,1,12,11,43,69
52,2026,April,DMP,3,25,17,8,0,168,21,3,44,100,506,593,1488
53,2026,April,CMP,3,9,4,5,0,51,3,0,15,25,153,253,521
54,2026,April,KMP,0,2,2,0,0,5,2,0,6,12,35,50,114
55,2026,April,RMP,0,3,0,0,2,23,2,0,2,8,54,74,168
56,2026,April,BMP,0,1,2,1,0,18,6,1,4,10,59,52,154
57,2026,April,SMP,0,1,3,6,0,5,1,3,4,18,49,83,173
58,2026,April,RPMP,0,1,1,2,0,7,0,0,2,10,37,64,124
59,2026,April,GMP,0,3,5,3,0,34,6,3,3,20,106,172,355
60,2026,April,"Dhaka Range",21,36,64,8,1,375,15,22,39,132,1433,1348,3494
61,2026,April,"Mymensingh Range",0,6,17,7,0,108,3,6,7,48,394,342,938
62,2026,April,"Chittagong Range",10,22,54,9,0,285,18,9,71,105,1346,969,2898
63,2026,April,"Sylhet Range",4,7,24,3,0,78,1,1,4,45,400,240,807
64,2026,April,"Khulna Range",3,12,24,15,0,163,5,5,25,72,687,500,1511
65,2026,April,"Barishal Range",3,3,15,5,0,200,2,1,21,44,497,247,1038
66,2026,April,"Rajshahi Range",1,10,36,1,0,252,2,5,1,70,753,592,1723
67,2026,April,"Rangpur Range",3,5,17,4,0,237,7,7,19,80,767,454,1600
68,2026,April,"Railway Range",0,6,3,0,0,2,0,0,0,7,15,41,74
69,2026,May,DMP,2,33,16,4,0,134,13,9,31,92,528,503,1365
70,2026,May,CMP,0,3,6,0,0,45,1,3,12,20,166,213,469
71,2026,May,KMP,1,4,3,1,0,18,2,1,1,13,39,66,149
72,2026,May,RMP,0,4,3,1,0,19,4,0,2,13,63,72,181
73,2026,May,BMP,0,0,2,3,0,32,2,0,4,8,62,78,191
74,2026,May,SMP,2,0,4,7,0,15,1,2,3,20,51,78,183
75,2026,May,RPMP,0,0,0,2,0,11,0,0,5,7,29,92,146
76,2026,May,GMP,1,7,5,3,0,36,7,3,2,24,110,163,361
77,2026,May,"Dhaka Range",8,29,72,12,2,388,16,10,51,140,1274,1575,3577
78,2026,May,"Mymensingh Range",1,5,14,2,0,109,1,0,5,38,378,498,1051
79,2026,May,"Chittagong Range",8,27,71,9,0,254,18,10,51,117,1236,1203,3004
80,2026,May,"Sylhet Range",5,14,14,1,0,74,1,2,7,44,381,316,859
81,2026,May,"Khulna Range",5,12,29,24,0,165,9,2,30,59,707,759,1801
82,2026,May,"Barishal Range",3,5,20,6,2,225,2,2,32,23,480,375,1175
83,2026,May,"Rajshahi Range",6,17,29,4,0,205,9,5,12,77,740,650,1754
84,2026,May,"Rangpur Range",0,5,21,1,0,220,4,6,12,100,698,755,1822
85,2026,May,"Railway Range",0,2,1,0,0,2,0,0,0,9,9,38,61
86,2026,June,DMP,2,24,23,2,0,138,17,6,49,97,516,537,1411
87,2026,June,CMP,0,7,4,5,0,75,3,2,12,19,179,190,496
88,2026,June,KMP,1,4,3,1,0,7,0,0,2,13,51,67,149
89,2026,June,RMP,0,2,2,0,0,14,1,1,6,16,76,111,229
90,2026,June,BMP,0,1,1,0,0,18,5,0,3,5,55,74,162
91,2026,June,SMP,0,2,1,6,0,12,3,3,6,16,34,67,150
92,2026,June,RPMP,0,0,1,0,0,17,0,0,2,15,60,61,156
93,2026,June,GMP,1,2,3,1,0,28,6,1,4,23,103,186,358
94,2026,June,"Dhaka Range",13,33,74,3,2,383,17,13,60,114,1452,1611,3775
95,2026,June,"Mymensingh Range",0,4,22,2,0,132,3,1,1,42,469,387,1063
96,2026,June,"Chittagong Range",11,24,67,4,1,316,13,8,72,123,1399,1050,3088
97,2026,June,"Sylhet Range",2,11,22,3,0,100,2,4,8,58,367,294,871
98,2026,June,"Khulna Range",3,11,28,15,0,194,5,3,22,91,791,704,1867
99,2026,June,"Barishal Range",2,4,15,5,0,219,4,0,17,28,552,300,1146
100,2026,June,"Rajshahi Range",2,14,31,2,0,239,2,2,6,90,876,647,1911
101,2026,June,"Rangpur Range",1,5,27,1,0,306,9,5,25,78,853,609,1919
102,2026,June,"Railway Range",0,1,2,0,0,2,0,0,0,8,19,37,69
103,2024,January,DMP,1,25,11,18,0,110,8,5,63,141,458,885,1725
104,2024,January,CMP,0,5,5,6,1,30,4,0,15,31,128,197,422
105,2024,January,KMP,0,1,2,2,0,3,0,0,3,8,28,129,176
106,2024,January,RMP,0,4,1,2,0,8,0,1,2,6,53,165,242
107,2024,January,BMP,0,2,1,6,0,12,1,1,2,5,42,49,121
108,2024,January,SMP,1,1,1,3,0,12,0,1,5,9,52,53,138
109,2024,January,RPMP,0,0,1,1,0,4,5,0,0,6,28,72,117
110,2024,January,GMP,4,1,11,4,0,22,5,2,5,5,90,88,237
111,2024,January,"Dhaka Range",13,29,59,7,0,194,6,10,38,93,893,838,2180
112,2024,January,"Mymensingh Range",0,4,14,9,0,84,4,6,7,42,404,262,836
113,2024,January,"Chittagong Range",5,16,34,9,0,128,9,10,27,115,800,881,2034
114,2024,January,"Sylhet Range",1,7,15,5,0,22,1,1,6,55,284,113,510
115,2024,January,"Khulna Range",0,5,23,4,0,71,1,2,15,59,559,585,1324
116,2024,January,"Barishal Range",1,0,15,7,0,95,2,0,23,25,369,183,720
117,2024,January,"Rajshahi Range",1,11,26,8,0,130,1,3,4,77,719,933,1913
118,2024,January,"Rangpur Range",2,2,11,1,0,117,4,1,13,60,655,441,1307
119,2024,January,"Railway Range",0,1,1,0,0,1,0,0,0,12,11,15,41
120,2024,February,DMP,2,26,4,21,0,114,9,4,51,134,576,828,1769
121,2024,February,CMP,2,11,4,13,0,35,3,2,15,31,167,236,519
122,2024,February,KMP,1,0,0,0,0,11,0,1,7,14,36,151,221
123,2024,February,RMP,1,2,0,3,0,15,1,0,6,17,52,138,235
124,2024,February,BMP,0,0,0,3,0,10,1,1,6,10,48,48,127
125,2024,February,SMP,1,0,0,6,0,22,0,1,2,9,62,38,141
126,2024,February,RPMP,0,1,1,0,0,8,1,0,0,12,33,62,118
127,2024,February,GMP,1,6,10,0,0,32,1,1,9,8,83,109,260
128,2024,February,"Dhaka Range",9,27,54,23,0,252,10,9,32,115,981,1020,2532
129,2024,February,"Mymensingh Range",0,4,14,1,0,124,1,1,5,39,444,315,948
130,2024,February,"Chittagong Range",5,15,52,9,0,156,5,7,26,121,924,860,2180
131,2024,February,"Sylhet Range",5,4,25,3,0,57,0,3,5,54,313,156,625
132,2024,February,"Khulna Range",1,8,19,10,2,104,3,4,17,61,595,712,1536
133,2024,February,"Barishal Range",1,4,12,6,0,133,1,1,13,35,372,188,766
134,2024,February,"Rajshahi Range",1,9,23,7,0,164,5,1,9,77,729,1043,2068
135,2024,February,"Rangpur Range",3,3,17,3,0,134,2,1,17,71,692,439,1382
136,2024,February,"Railway Range",0,1,5,0,0,0,0,0,0,12,25,20,63
137,2024,March,DMP,1,28,18,28,0,127,7,2,53,163,798,866,2091
138,2024,March,CMP,0,11,6,8,0,33,4,2,13,34,172,178,461
139,2024,March,KMP,0,2,0,0,0,11,1,1,5,14,39,138,211
140,2024,March,RMP,0,0,0,0,0,11,2,2,4,13,59,145,236
141,2024,March,BMP,0,0,0,4,0,11,0,1,5,6,72,54,153
142,2024,March,SMP,0,1,3,6,0,17,1,1,8,8,67,45,157
143,2024,March,RPMP,0,0,0,0,0,7,3,0,0,8,50,58,126
144,2024,March,GMP,2,5,1,1,0,23,4,0,7,18,110,106,277
145,2024,March,"Dhaka Range",11,32,60,23,2,247,3,8,39,108,1179,1030,2742
146,2024,March,"Mymensingh Range",0,2,23,2,0,115,3,2,3,55,525,303,1033
147,2024,March,"Chittagong Range",6,30,33,8,4,151,11,5,29,122,1208,856,2463
148,2024,March,"Sylhet Range",2,4,17,2,0,58,1,7,10,54,395,147,697
149,2024,March,"Khulna Range",0,7,17,9,0,139,1,0,17,73,672,694,1629
150,2024,March,"Barishal Range",2,2,15,11,0,150,0,2,10,26,507,218,943
151,2024,March,"Rajshahi Range",1,6,25,4,0,205,5,6,5,87,874,1231,2449
152,2024,March,"Rangpur Range",0,7,20,4,0,203,5,4,9,63,703,540,1558
153,2024,March,"Railway Range",0,1,1,0,0,1,0,0,0,13,14,24,54
154,2024,April,DMP,3,15,14,24,0,149,4,4,69,140,628,635,1685
155,2024,April,CMP,0,12,9,4,0,37,4,3,12,37,149,143,410
156,2024,April,KMP,0,0,1,1,0,6,1,2,6,10,44,124,195
157,2024,April,RMP,0,2,0,0,0,21,0,2,0,14,58,143,240
158,2024,April,BMP,0,2,2,2,0,23,0,2,7,10,76,45,169
159,2024,April,SMP,0,0,2,5,0,17,0,3,6,11,70,48,162
160,2024,April,RPMP,0,0,2,3,0,9,5,1,0,9,49,38,116
161,2024,April,GMP,0,5,5,4,0,30,4,2,12,12,82,93,249
162,2024,April,"Dhaka Range",13,18,75,24,0,281,9,18,25,103,1263,838,2667
163,2024,April,"Mymensingh Range",0,2,30,8,0,108,2,4,3,42,579,325,1103
164,2024,April,"Chittagong Range",10,24,54,4,3,194,13,13,34,128,1256,685,2418
165,2024,April,"Sylhet Range",0,2,23,8,0,59,1,4,9,53,461,115,735
166,2024,April,"Khulna Range",2,2,18,14,0,129,3,4,9,58,744,646,1629
167,2024,April,"Barishal Range",0,3,11,5,0,130,1,2,9,28,565,179,933
168,2024,April,"Rajshahi Range",0,7,20,11,0,218,4,9,7,78,955,1069,2378
169,2024,April,"Rangpur Range",1,2,30,3,0,211,4,6,12,73,894,441,1677
170,2024,April,"Ralway Range",0,1,0,0,0,1,0,0,0,6,32,13,53
171,2024,May,DMP,2,19,16,23,0,172,7,10,65,194,654,764,1926
172,2024,May,CMP,1,7,7,2,0,57,4,1,18,29,142,186,454
173,2024,May,KMP,0,1,4,0,0,25,0,0,1,10,46,130,217
174,2024,May,RMP,0,6,1,1,0,17,3,1,5,12,61,141,248
175,2024,May,BMP,0,0,2,0,0,17,1,0,5,4,76,50,155
176,2024,May,SMP,1,0,2,4,0,20,2,0,7,8,64,57,165
177,2024,May,RPMP,0,0,1,1,0,9,4,0,0,3,43,68,129
178,2024,May,GMP,4,5,8,0,0,31,2,1,3,17,101,125,297
179,2024,May,"Dhaka Range",11,29,51,19,0,323,7,7,39,88,1183,911,2668
180,2024,May,"Mymensingh Range",0,4,19,5,0,122,2,3,6,39,415,287,902
181,2024,May,"Chittagong Range",4,14,53,13,0,181,4,6,28,88,1039,741,2171
182,2024,May,"Sylhet Range",2,3,15,3,0,57,0,3,9,33,359,145,629
183,2024,May,"Khulna Range",2,6,32,7,0,134,2,2,14,48,729,569,1545
184,2024,May,"Barishal Range",0,1,8,11,0,152,0,2,7,17,434,155,787
185,2024,May,"Rajshahi Range",3,13,21,5,0,227,8,6,2,67,861,956,2169
186,2024,May,"Rangpur Range",1,2,19,3,0,222,4,1,10,56,715,458,1491
187,2024,May,"Railway Range",0,5,0,1,0,1,0,0,0,13,23,15,58
188,2024,June,DMP,3,16,13,26,0,147,3,1,80,191,552,580,1612
189,2024,June,CMP,0,8,8,9,1,31,1,0,8,29,118,154,367
190,2024,June,KMP,0,0,4,2,0,14,0,1,4,12,33,111,181
191,2024,June,RMP,0,4,0,0,0,23,0,3,6,12,65,147,260
192,2024,June,BMP,0,0,1,0,0,12,0,0,7,11,68,46,145
193,2024,June,SMP,0,1,3,10,0,20,1,0,5,6,41,50,137
194,2024,June,RPMP,0,1,2,0,0,8,2,1,0,9,51,44,118
195,2024,June,GMP,2,8,6,1,0,35,2,0,4,8,63,82,211
196,2024,June,"Dhaka Range",16,17,59,15,0,278,4,9,39,91,1152,822,2502
197,2024,June,"Mymensingh Range",0,5,21,4,0,119,2,2,5,31,451,308,948
198,2024,June,"Chittagong Range",8,22,57,9,0,193,5,9,45,82,1095,716,2241
199,2024,June,"Sylhet Range",1,1,10,1,0,54,2,0,5,39,341,135,589
200,2024,June,"Khulna Range",1,6,15,4,1,177,1,3,17,49,806,569,1649
201,2024,June,"Barishal Range",5,1,10,8,0,172,0,3,8,23,541,165,936
202,2024,June,"Rajshahi Range",0,8,36,3,0,221,4,3,10,79,816,889,2069
203,2024,June,"Rangpur Range",0,5,20,2,0,184,4,1,8,57,839,470,1590
204,2024,June,"Railway Range",0,0,3,1,0,1,0,0,0,16,16,12,49
205,2024,July,DMP,3,15,59,16,46,109,1,44,32,134,510,456,1425
206,2024,July,CMP,1,9,10,2,5,35,2,2,11,27,114,112,330
207,2024,July,KMP,0,2,4,1,0,14,0,1,5,12,35,121,195
208,2024,July,RMP,1,1,3,1,1,19,2,2,3,18,41,106,198
209,2024,July,BMP,0,0,2,1,0,19,0,5,5,8,49,57,146
210,2024,July,SMP,1,0,3,6,0,16,0,8,6,7,49,0,153
211,2024,July,RPMP,0,0,2,0,0,5,2,0,0,8,60,32,109
212,2024,July,GMP,0,4,7,0,0,33,2,9,3,13,107,78,256
213,2024,July,"Dhaka Range",13,20,61,12,0,286,6,38,40,81,984,788,2329
214,2024,July,"Mymensingh Range",0,1,21,5,0,139,1,7,8,51,406,251,890
215,2024,July,"Chittagong Range",3,21,53,11,0,180,5,24,45,85,930,727,2084
216,2024,July,"Sylhet Range",1,3,14,4,0,62,1,8,9,60,337,178,677
217,2024,July,"Khulna Range",1,7,27,15,0,178,1,6,16,84,679,639,1653
218,2024,July,"Barishal Range",1,1,14,16,0,192,2,1,17,30,381,196,851
219,2024,July,"Rajshahi Range",2,14,24,9,0,207,3,8,6,83,692,1035,2083
220,2024,July,"Rangpur Range",0,2,30,3,0,206,4,7,13,72,741,429,1507
221,2024,July,"Railway Range",0,1,0,0,0,2,0,0,0,12,50,15,80
222,2024,August,DMP,4,4,119,10,4,51,11,2,15,43,217,86,566
223,2024,August,CMP,0,3,20,3,5,20,2,8,9,18,124,34,246
224,2024,August,KMP,1,1,1,0,0,12,1,1,0,3,38,10,68
225,2024,August,RMP,0,3,2,0,0,17,1,3,2,2,47,34,111
226,2024,August,BMP,0,0,5,1,0,10,0,0,6,3,43,15,83
227,2024,August,SMP,0,1,4,8,0,4,1,4,1,4,59,24,110
228,2024,August,RPMP,0,0,8,0,0,5,3,0,0,6,32,7,61
229,2024,August,GMP,3,1,17,0,0,23,0,3,3,4,48,14,116
230,2024,August,"Dhaka Range",15,7,148,10,0,185,1,4,32,51,819,121,1393
231,2024,August,"Mymensingh Range",0,2,26,3,0,87,1,0,3,30,359,52,563
232,2024,August,"Chittagong Range",4,17,73,5,6,81,3,5,25,47,710,247,1223
233,2024,August,"Sylhet Range",1,6,29,5,0,28,1,2,2,16,327,48,465
234,2024,August,"Khulna Range",4,5,62,4,0,90,0,6,5,39,567,100,882
235,2024,August,"Barishal Range",3,3,19,39,0,129,0,1,14,25,405,26,664
236,2024,August,"Rajshahi Range",0,5,72,10,0,140,1,2,6,44,662,227,1169
237,2024,August,"Rangpur Range",2,4,21,1,0,190,1,0,9,32,695,133,1088
238,2024,August,"Railway Range",0,0,0,0,0,0,0,0,0,14,8,3,25
239,2024,September,DMP,5,14,28,8,12,110,22,3,33,75,500,198,1008
240,2024,September,CMP,2,6,9,6,0,36,3,4,11,27,214,62,380
241,2024,September,KMP,0,0,1,0,0,26,2,0,5,9,58,20,121
242,2024,September,RMP,0,1,5,1,0,18,1,1,3,7,67,23,127
243,2024,September,BMP,0,1,1,0,1,16,1,0,10,8,46,15,99
244,2024,September,SMP,0,2,1,7,0,10,1,1,7,5,78,40,152
245,2024,September,RPMP,0,0,0,0,0,7,4,0,0,4,52,8,75
246,2024,September,GMP,3,3,11,1,0,28,0,2,8,9,70,16,151
247,2024,September,"Dhaka Range",17,22,73,21,0,253,6,6,45,82,1095,239,1859
248,2024,September,"Mymensingh Range",2,4,16,8,0,126,1,0,8,33,443,102,743
249,2024,September,"Chittagong Range",5,21,45,12,4,168,8,4,32,88,1060,513,1960
250,2024,September,"Sylhet Range",6,4,12,12,0,64,3,1,9,44,435,125,715
251,2024,September,"Khulna Range",2,6,19,15,1,117,8,0,17,65,740,228,1218
252,2024,September,"Barishal Range",8,2,12,20,1,145,3,0,14,28,456,63,752
253,2024,September,"Rajshahi Range",2,12,29,7,0,219,1,2,12,59,747,368,1458
254,2024,September,"Rangpur Range",3,3,20,10,0,235,1,0,19,47,825,219,1382
255,2024,September,"Railway Range",2,3,1,0,0,0,0,0,0,15,7,17,45
256,2024,October,DMP,6,20,20,23,2,125,26,6,47,97,490,386,1248
257,2024,October,CMP,1,10,6,8,0,35,5,5,10,24,176,76,356
258,2024,October,KMP,1,5,1,0,0,24,4,0,2,14,46,67,164
259,2024,October,RMP,0,4,3,0,0,7,0,0,5,5,56,70,150
260,2024,October,BMP,1,1,0,0,1,19,0,0,5,1,56,27,111
261,2024,October,SMP,1,0,2,5,0,8,1,0,4,8,56,55,140
262,2024,October,RPMP,0,1,1,0,0,7,3,0,0,8,48,21,89
263,2024,October,GMP,3,3,7,2,0,21,4,0,3,8,70,56,177
264,2024,October,"Dhaka Range",21,27,62,6,0,225,17,8,49,93,1058,460,2026
265,2024,October,"Mymensingh Range",2,5,17,8,0,112,6,1,5,53,385,184,778
266,2024,October,"Chittagong Range",14,30,52,7,2,192,7,3,52,101,1060,705,2225
267,2024,October,"Sylhet Range",5,4,18,8,0,74,2,5,5,49,340,222,732
268,2024,October,"Khulna Range",1,14,23,7,0,157,8,3,22,76,663,342,1316
269,2024,October,"Barishal Range",4,2,5,14,0,165,4,2,15,25,444,129,809
270,2024,October,"Rajshahi Range",5,19,17,2,0,212,3,1,7,68,634,518,1486
271,2024,October,"Rangpur Range",3,7,14,3,0,177,6,0,17,75,725,375,1402
272,2024,October,"Railway Range",0,5,1,0,0,0,0,0,0,17,11,22,56
273,2024,November,DMP,2,27,13,15,10,115,17,6,39,125,516,439,1324
274,2024,November,CMP,2,10,2,7,0,25,5,12,16,36,138,123,376
275,2024,November,KMP,1,2,4,1,0,23,0,1,5,13,36,67,153
276,2024,November,RMP,0,2,0,1,0,22,2,0,4,8,52,67,158
277,2024,November,BMP,0,0,0,0,0,14,2,0,4,7,53,38,118
278,2024,November,SMP,1,1,1,8,0,4,2,2,6,13,62,50,150
279,2024,November,RPMP,0,1,0,0,0,7,2,0,0,8,43,18,79
280,2024,November,GMP,0,3,3,0,0,21,6,1,2,15,66,89,206
281,2024,November,"Dhaka Range",16,23,56,8,0,217,9,4,44,86,1098,671,2232
282,2024,November,"Mymensingh Range",1,3,11,6,0,115,5,1,6,37,387,211,783
283,2024,November,"Chittagong Range",9,27,32,15,0,174,5,9,37,90,1074,799,2271
284,2024,November,"Sylhet Range",2,6,16,4,0,75,0,4,7,42,422,172,750
285,2024,November,"Khulna Range",3,10,22,8,0,134,3,5,17,77,634,465,1378
286,2024,November,"Barishal Range",4,6,8,14,1,152,2,2,29,31,424,148,821
287,2024,November,"Rajshahi Range",5,4,27,1,0,179,2,1,7,68,721,572,1587
288,2024,November,"Rangpur Range",1,4,16,3,0,175,5,1,8,54,694,415,1376
289,2024,November,"Railway Range",0,4,0,0,0,0,0,0,0,6,12,43,65
290,2024,December,DMP,9,39,24,19,9,131,17,8,60,131,584,554,1585
291,2024,December,CMP,2,6,4,8,0,25,3,1,11,26,124,128,338
292,2024,December,KMP,0,3,2,0,0,10,2,1,4,8,38,75,143
293,2024,December,RMP,0,3,1,0,0,12,2,1,4,6,55,93,177
294,2024,December,BMP,1,1,1,0,0,11,2,0,3,8,58,33,118
295,2024,December,SMP,1,3,2,7,0,11,2,2,2,7,63,49,149
296,2024,December,RPMP,1,2,0,0,0,3,2,0,0,10,36,24,78
297,2024,December,GMP,1,2,3,0,0,20,1,1,2,8,81,76,195
298,2024,December,"Dhaka Range",23,22,45,9,0,187,8,9,42,93,967,663,2068
299,2024,December,"Mymensingh Range",1,6,16,13,0,81,4,0,9,33,418,252,833
300,2024,December,"Chittagong Range",16,26,32,10,0,159,13,9,39,102,1030,734,2170
301,2024,December,"Sylhet Range",4,5,16,4,0,56,3,2,7,38,400,139,674
302,2024,December,"Khulna Range",4,14,19,4,0,125,2,5,13,78,599,462,1325
303,2024,December,"Barishal Range",3,5,4,13,0,96,2,1,21,36,431,130,742
304,2024,December,"Rajshahi Range",4,11,23,3,0,132,4,3,5,74,693,556,1508
305,2024,December,"Rangpur Range",1,7,12,0,0,146,7,1,15,59,750,467,1465
306,2024,December,"Railway Range",0,4,0,0,0,0,0,0,0,12,12,26,54
307,2023,January,DMP,0,19,9,23,1,122,4,4,42,122,540,1332,2218
308,2023,January,CMP,1,10,5,2,0,29,3,6,11,29,117,238,451
309,2023,January,KMP,1,0,1,0,0,24,1,0,2,6,30,90,155
310,2023,January,RMP,0,5,2,0,0,16,1,0,2,8,49,178,261
311,2023,January,BMP,1,0,0,0,0,15,0,1,5,13,38,74,147
312,2023,January,SMP,0,2,0,5,0,10,0,0,3,11,55,64,150
313,2023,January,RPMP,0,0,0,0,0,12,0,0,0,18,46,30,106
314,2023,January,GMP,1,2,4,4,0,26,2,3,1,6,76,80,205
315,2023,January,"Dhaka Range",12,25,48,21,0,221,5,9,30,117,879,986,2353
316,2023,January,"Mymensingh Range",0,2,14,7,0,108,1,0,7,44,478,347,1008
317,2023,January,"Chittagong Range",6,16,43,5,0,134,6,8,36,100,693,1171,2218
318,2023,January,"Sylhet Range",0,5,15,5,0,45,0,3,1,51,334,227,686
319,2023,January,"Khulna Range",3,4,15,4,0,121,2,0,10,76,587,711,1533
320,2023,January,"Barishal Range",2,2,13,3,0,78,1,2,8,26,326,251,712
321,2023,January,"Rajshahi Range",0,11,22,4,0,146,2,0,12,78,582,1121,1978
322,2023,January,"Rangpur Range",0,3,23,1,0,157,3,0,21,64,695,400,1367
323,2023,January,"Railway Range",0,1,0,0,0,1,0,0,0,15,9,33,59
324,2023,February,DMP,2,15,18,9,0,126,2,6,46,108,620,1167,2119
325,2023,February,CMP,0,4,6,7,0,39,1,3,5,23,127,238,453
326,2023,February,KMP,0,1,0,0,0,17,0,1,2,3,32,62,118
327,2023,February,RMP,0,2,2,0,0,19,3,0,2,9,54,140,231
328,2023,February,BMP,1,0,2,0,0,16,1,0,5,2,37,69,133
329,2023,February,SMP,0,0,3,9,0,11,0,3,2,14,54,56,152
330,2023,February,RPMP,0,0,0,1,0,13,0,0,0,8,53,32,107
331,2023,February,GMP,2,7,4,4,0,32,1,2,3,13,88,99,255
332,2023,February,"Dhaka Range",9,21,45,17,0,235,5,13,29,115,917,954,2360
333,2023,February,"Mymensingh Range",0,2,16,6,0,98,4,4,4,35,543,330,1042
334,2023,February,"Chittagong Range",3,12,45,10,0,142,3,9,32,96,796,984,2132
335,2023,February,"Sylhet Range",1,4,8,5,0,56,2,4,3,48,309,185,625
336,2023,February,"Khulna Range",1,10,16,19,0,109,2,4,13,72,575,731,1552
337,2023,February,"Barishal Range",1,2,8,2,0,65,0,1,9,15,313,209,625
338,2023,February,"Rajshahi Range",1,10,25,3,0,150,0,3,5,73,659,1060,1989
339,2023,February,"Rangpur Range",0,2,22,3,0,166,2,3,8,72,675,384,1337
340,2023,February,"Railway Range",0,5,2,0,0,1,0,0,0,19,21,27,75
341,2023,March,DMP,4,14,12,12,0,146,2,7,34,126,656,1262,2275
342,2023,March,CMP,0,12,4,12,0,57,3,0,13,35,159,233,528
343,2023,March,KMP,0,1,1,0,0,23,0,0,5,11,31,80,152
344,2023,March,RMP,0,7,1,0,0,16,1,1,2,11,53,115,207
345,2023,March,BMP,0,3,1,2,0,13,0,0,4,7,47,76,153
346,2023,March,SMP,0,3,2,11,0,19,0,1,7,19,66,53,181
347,2023,March,RPMP,0,0,0,2,0,14,0,0,0,12,53,30,111
348,2023,March,GMP,2,1,8,3,0,23,3,3,1,4,75,88,211
349,2023,March,"Dhaka Range",12,22,54,18,0,293,2,9,38,118,1113,1068,2747
350,2023,March,"Mymensingh Range",1,1,20,4,0,144,4,1,3,42,526,342,1088
351,2023,March,"Chittagong Range",4,21,54,10,0,170,11,6,24,63,927,1175,2465
352,2023,March,"Sylhet Range",2,2,21,1,0,53,2,2,7,66,418,205,779
353,2023,March,"Khulna Range",1,7,22,12,0,168,2,3,16,83,738,730,1782
354,2023,March,"Barishal Range",1,3,13,4,0,92,0,5,10,34,364,202,728
355,2023,March,"Rajshahi Range",2,9,26,6,0,209,2,3,10,90,684,1225,2266
356,2023,March,"Rangpur Range",1,4,27,2,0,212,5,6,11,59,760,440,1527
357,2023,March,"Railway Range",0,1,2,0,0,0,1,0,0,17,15,26,62
358,2023,April,DMP,4,13,12,11,0,133,9,5,54,130,527,990,1888
359,2023,April,CMP,0,10,5,12,0,50,4,0,15,36,175,216,523
360,2023,April,KMP,0,1,2,0,0,24,0,0,5,5,33,58,128
361,2023,April,RMP,0,4,1,0,0,25,0,4,3,5,43,96,181
362,2023,April,BMP,0,0,3,0,0,15,0,0,4,5,48,68,143
363,2023,April,SMP,0,0,1,14,0,19,0,1,5,16,87,49,201
364,2023,April,RPMP,0,0,2,3,0,7,0,1,0,10,51,24,98
365,2023,April,GMP,1,5,7,0,0,21,2,1,0,9,70,78,194
366,2023,April,"Dhaka Range",6,35,68,27,0,276,4,7,23,113,1208,977,2744
367,2023,April,"Mymensingh Range",0,3,25,10,0,103,2,0,3,44,684,333,1207
368,2023,April,"Chittagong Range",4,18,56,6,0,165,3,8,31,77,1064,994,2426
369,2023,April,"Sylhet Range",0,6,33,1,0,53,2,4,1,59,493,170,822
370,2023,April,"Khulna Range",3,9,22,8,0,122,5,1,12,94,745,638,1659
371,2023,April,"Barishal Range",1,2,10,1,0,72,2,4,6,21,435,193,747
372,2023,April,"Rajshahi Range",1,10,28,13,0,166,3,1,7,74,786,954,2043
373,2023,April,"Rangpur Range",0,0,21,3,0,197,3,2,14,67,880,412,1599
374,2023,April,"Railway Range",0,2,0,0,0,0,0,0,0,11,8,20,41
375,2023,May,DMP,4,11,9,15,3,158,6,6,45,124,682,1179,2242
376,2023,May,CMP,1,12,4,8,0,56,2,3,11,41,156,235,529
377,2023,May,KMP,1,0,0,2,0,32,0,0,8,9,35,61,148
378,2023,May,RMP,0,6,0,0,0,15,1,5,4,8,63,130,232
379,2023,May,BMP,1,0,1,1,0,21,0,0,5,7,47,67,150
380,2023,May,SMP,0,1,0,12,0,28,1,3,3,19,78,62,207
381,2023,May,RPMP,0,0,3,1,0,9,0,0,0,11,46,32,102
382,2023,May,GMP,0,2,9,0,0,17,0,0,3,4,50,61,146
383,2023,May,"Dhaka Range",13,17,67,16,0,366,10,11,34,99,1164,1151,2948
384,2023,May,"Mymensingh Range",0,2,14,10,0,153,8,0,6,57,615,374,1239
385,2023,May,"Chittagong Range",6,19,42,7,0,214,12,12,34,89,1104,1135,2674
386,2023,May,"Sylhet Range",1,2,15,3,0,84,0,1,4,57,434,218,819
387,2023,May,"Khulna Range",1,7,25,9,0,170,4,1,16,83,756,709,1781
388,2023,May,"Barishal Range",1,2,13,1,0,109,0,3,8,28,446,247,858
389,2023,May,"Rajshahi Range",3,12,23,10,0,227,2,5,6,83,738,1088,2197
390,2023,May,"Rangpur Range",3,1,21,2,0,207,3,5,9,73,867,432,1623
391,2023,May,"Railway Range",0,1,0,2,0,1,0,0,0,15,6,23,48
392,2023,June,DMP,4,25,24,16,0,136,7,8,36,134,627,1078,2095
393,2023,June,CMP,0,9,5,8,0,40,1,0,15,36,147,210,471
394,2023,June,KMP,0,2,2,1,0,26,0,0,6,7,34,45,123
395,2023,June,RMP,0,1,1,0,0,16,2,0,3,3,44,53,123
396,2023,June,BMP,0,0,2,1,0,11,0,0,5,5,47,53,124
397,2023,June,SMP,0,0,5,13,0,13,0,3,4,10,67,35,150
398,2023,June,RPMP,0,0,0,0,0,13,0,0,0,8,44,33,98
399,2023,June,GMP,1,3,10,0,0,22,3,1,2,7,94,83,226
400,2023,June,"Dhaka Range",11,24,54,22,0,334,10,5,35,136,1075,986,2692
401,2023,June,"Mymensingh Range",0,1,11,8,0,174,1,2,8,48,497,349,1099
402,2023,June,"Chittagong Range",2,16,60,7,0,184,9,9,32,94,1027,1046,2486
403,2023,June,"Sylhet Range",0,0,17,5,0,67,1,4,3,63,363,145,668
404,2023,June,"Khulna Range",5,5,26,8,0,197,2,4,13,80,735,717,1792
405,2023,June,"Barishal Range",1,3,3,4,0,138,0,2,11,33,360,207,762
406,2023,June,"Rajshahi Range",1,9,26,8,0,208,4,2,4,74,777,1005,2118
407,2023,June,"Rangpur Range",2,6,25,3,0,251,1,2,16,77,793,339,1515
408,2023,June,"Railway Range",0,1,1,0,0,0,0,0,0,16,13,13,44
409,2023,July,DMP,6,12,19,33,2,134,2,12,48,103,728,1167,2266
410,2023,July,CMP,1,12,2,6,0,53,6,2,13,20,111,199,425
411,2023,July,KMP,1,0,5,0,0,29,0,0,7,16,47,71,176
412,2023,July,RMP,0,3,3,0,0,11,0,0,3,14,41,104,179
413,2023,July,BMP,0,1,3,2,0,22,0,0,3,5,60,86,182
414,2023,July,SMP,0,1,0,10,0,16,1,0,5,13,74,67,187
415,2023,July,RPMP,0,0,0,0,0,13,2,1,0,8,41,66,131
416,2023,July,GMP,2,6,14,0,0,26,6,0,4,12,66,88,224
417,2023,July,"Dhaka Range",15,15,58,20,0,318,3,10,41,126,1117,1081,2804
418,2023,July,"Mymensingh Range",0,4,19,2,0,172,4,2,5,44,523,340,1115
419,2023,July,"Chittagong Range",7,15,63,6,0,202,7,9,48,96,1044,1155,2652
420,2023,July,"Sylhet Range",0,4,23,4,0,56,1,2,2,41,357,191,681
421,2023,July,"Khulna Range",2,4,27,3,1,148,1,0,20,89,693,740,1728
422,2023,July,"Barishal Range",2,1,5,1,0,123,2,4,14,29,399,243,823
423,2023,July,"Rajshahi Range",1,10,25,6,0,228,2,3,12,90,833,1230,2440
424,2023,July,"Rangpur Range",2,3,28,1,0,242,2,2,14,82,918,382,1676
425,2023,July,"Railway Range",0,3,2,0,0,1,0,0,0,14,14,15,49
426,2023,August,DMP,1,13,10,18,0,157,8,9,53,153,704,1201,2327
427,2023,August,CMP,0,10,2,9,0,49,3,3,21,48,117,241,503
428,2023,August,KMP,0,0,2,2,0,26,0,1,7,9,39,118,204
429,2023,August,RMP,0,1,1,0,0,19,4,0,5,14,52,135,231
430,2023,August,BMP,1,0,2,0,0,17,0,0,6,5,44,79,154
431,2023,August,SMP,0,1,1,10,0,19,0,3,6,13,67,56,176
432,2023,August,RPMP,0,0,0,0,0,11,0,1,0,9,55,67,143
433,2023,August,GMP,2,7,7,0,0,40,2,1,4,19,94,116,292
434,2023,August,"Dhaka Range",8,20,55,19,0,298,4,5,42,117,1082,1142,2792
435,2023,August,"Mymensingh Range",0,0,13,7,0,204,1,1,6,64,528,314,1138
436,2023,August,"Chittagong Range",3,22,50,1,0,173,9,15,39,102,942,1123,2479
437,2023,August,"Sylhet Range",2,1,14,3,0,79,3,1,4,52,320,225,704
438,2023,August,"Khulna Range",2,6,24,4,0,164,2,2,25,77,631,742,1679
439,2023,August,"Barishal Range",1,4,11,3,0,142,0,1,16,28,355,230,791
440,2023,August,"Rajshahi Range",1,16,38,10,0,218,4,1,19,89,729,1194,2319
441,2023,August,"Rangpur Range",0,1,20,4,0,234,0,0,16,76,826,544,1721
442,2023,August,"Railway Range",1,2,3,0,0,1,0,0,0,14,7,18,46
443,2023,September,DMP,0,20,12,9,2,141,3,5,53,124,624,1167,2160
444,2023,September,CMP,0,12,6,11,0,33,4,1,15,37,143,205,467
445,2023,September,KMP,0,0,1,0,0,39,1,0,1,8,34,96,180
446,2023,September,RMP,0,3,2,0,0,12,1,0,6,14,45,81,164
447,2023,September,BMP,0,1,0,3,0,15,0,1,7,7,41,95,170
448,2023,September,SMP,2,1,2,12,0,17,1,4,3,17,58,56,173
449,2023,September,RPMP,0,0,1,0,0,10,0,0,0,9,37,43,100
450,2023,September,GMP,0,3,11,0,0,27,5,3,3,9,72,105,238
451,2023,September,"Dhaka Range",12,19,54,26,0,275,8,8,39,112,975,1039,2567
452,2023,September,"Mymensingh Range",0,3,15,2,0,189,4,1,8,38,497,326,1083
453,2023,September,"Chittagong Range",3,15,52,6,0,185,9,7,30,107,845,1098,2357
454,2023,September,"Sylhet Range",1,5,14,3,0,62,0,4,6,42,290,236,663
455,2023,September,"Khulna Range",1,4,15,6,0,154,3,5,13,86,561,837,1685
456,2023,September,"Barishal Range",1,3,12,5,0,130,1,1,15,23,338,204,733
457,2023,September,"Rajshahi Range",1,12,23,14,0,214,6,2,12,93,683,1133,2193
458,2023,September,"Rangpur Range",0,3,16,2,0,194,4,5,19,81,723,465,1512
459,2023,September,"Railway Range",0,2,2,0,0,2,0,1,0,23,4,20,54
460,2023,October,DMP,3,20,19,8,7,128,6,11,38,136,682,880,1938
461,2023,October,CMP,0,2,1,3,0,41,2,2,14,29,124,212,430
462,2023,October,KMP,0,1,2,2,0,30,0,0,5,8,48,142,238
463,2023,October,RMP,0,3,4,0,0,14,4,2,3,15,53,134,232
464,2023,October,BMP,0,0,0,1,0,16,0,0,2,6,59,72,156
465,2023,October,SMP,0,0,1,7,1,22,0,3,6,20,64,38,162
466,2023,October,RPMP,0,0,2,0,0,13,0,0,0,14,48,54,131
467,2023,October,GMP,1,2,9,2,0,26,5,2,3,13,85,120,268
468,2023,October,"Dhaka Range",7,28,54,19,0,221,5,12,47,113,1012,855,2373
469,2023,October,"Mymensingh Range",0,1,19,3,0,197,3,0,13,49,408,268,961
470,2023,October,"Chittagong Range",1,23,50,1,2,160,10,27,44,114,993,976,2401
471,2023,October,"Sylhet Range",1,2,10,5,0,55,1,8,5,60,317,170,634
472,2023,October,"Khulna Range",2,3,22,3,0,150,5,0,9,82,615,705,1596
473,2023,October,"Barishal Range",5,2,10,4,0,131,1,2,11,22,493,196,877
474,2023,October,"Rajshahi Range",2,13,34,3,0,202,3,3,11,90,657,1105,2123
475,2023,October,"Rangpur Range",0,3,20,4,0,214,3,5,13,73,636,444,1415
476,2023,October,"Railway Range",0,3,1,0,2,1,0,0,0,24,6,17,54
477,2023,November,DMP,2,14,17,19,5,118,2,5,56,121,555,700,1614
478,2023,November,CMP,0,2,6,3,0,42,3,3,8,29,122,180,398
479,2023,November,KMP,0,1,1,0,0,10,1,1,3,17,37,93,164
480,2023,November,RMP,0,2,1,0,1,13,0,8,7,11,55,115,213
481,2023,November,BMP,0,1,1,1,1,19,0,0,1,2,43,59,128
482,2023,November,SMP,0,2,2,4,0,16,0,6,3,15,71,41,160
483,2023,November,RPMP,0,0,0,1,0,9,2,0,0,10,47,33,102
484,2023,November,GMP,0,2,4,0,0,22,2,5,4,10,75,68,192
485,2023,November,"Dhaka Range",14,19,51,26,0,258,10,15,34,93,922,703,2145
486,2023,November,"Mymensingh Range",0,2,10,3,0,144,3,1,10,37,408,203,821
487,2023,November,"Chittagong Range",3,14,54,7,0,125,8,17,34,84,821,823,1990
488,2023,November,"Sylhet Range",2,3,6,3,0,51,0,3,2,44,290,142,546
489,2023,November,"Khulna Range",0,6,16,6,0,113,1,1,14,51,540,578,1326
490,2023,November,"Barishal Range",2,1,9,5,0,119,0,1,14,11,338,189,689
491,2023,November,"Rajshahi Range",2,5,26,10,0,178,1,7,4,57,597,893,1780
492,2023,November,"Rangpur Range",0,3,22,1,0,189,0,6,11,55,675,390,1352
493,2023,November,"Railway Range",0,2,1,0,0,0,0,0,0,17,25,16,61
494,2023,December,DMP,4,23,4,16,0,103,10,5,42,130,584,986,1907
495,2023,December,CMP,0,10,7,5,0,24,0,2,10,44,109,254,465
496,2023,December,KMP,0,0,0,2,0,16,0,0,4,11,28,141,202
497,2023,December,RMP,0,2,2,1,0,14,0,2,2,8,42,198,271
498,2023,December,BMP,0,0,1,1,0,17,0,0,3,8,32,42,104
499,2023,December,SMP,0,0,1,1,0,17,0,1,4,15,54,46,139
500,2023,December,RPMP,0,0,0,0,0,8,0,1,0,4,36,72,121
501,2023,December,GMP,2,4,7,3,0,37,0,1,8,9,71,103,245
502,2023,December,"Dhaka Range",11,18,62,17,0,196,4,11,37,91,905,817,2169
503,2023,December,"Mymensingh Range",0,3,20,4,0,112,1,0,5,45,369,192,751
504,2023,December,"Chittagong Range",6,21,53,5,0,166,4,5,38,93,778,968,2137
505,2023,December,"Sylhet Range",2,4,10,0,0,42,3,2,4,46,279,131,523
506,2023,December,"Khulna Range",0,2,11,5,0,82,1,2,12,53,534,614,1316
507,2023,December,"Barishal Range",1,3,9,8,0,102,2,1,9,25,345,189,694
508,2023,December,"Rajshahi Range",2,4,24,6,0,143,2,3,8,61,651,1060,1964
509,2023,December,"Rangpur Range",2,6,22,3,0,114,2,1,14,47,783,422,1416
510,2023,December,"Railway Range",0,5,0,0,0,0,0,0,0,12,14,28,59
511,2022,January,DMP,3,10,9,12,0,170,5,5,49,112,510,1663,2548
512,2022,January,CMP,2,3,2,13,0,53,1,4,9,36,188,235,546
513,2022,January,KMP,0,0,2,0,0,12,0,0,4,4,32,103,157
514,2022,January,RMP,0,9,3,5,0,14,1,0,0,9,39,229,309
515,2022,January,BMP,1,0,3,1,0,9,1,2,6,9,32,103,167
516,2022,January,SMP,0,2,0,5,0,26,0,1,3,12,72,85,206
517,2022,January,RPMP,0,0,0,1,0,23,1,0,3,13,73,57,171
518,2022,January,GMP,0,3,4,2,0,28,3,0,1,6,58,88,193
519,2022,January,"Dhaka Range",14,18,76,16,0,209,7,12,40,119,971,795,2277
520,2022,January,"Mymensingh Range",0,2,16,16,0,128,1,4,5,49,496,269,986
521,2022,January,"Chittagong Range",5,14,50,5,0,187,4,7,32,94,802,1191,2391
522,2022,January,"Sylhet Range",1,2,15,2,0,60,1,1,7,36,312,153,590
523,2022,January,"Khulna Range",2,10,29,5,0,131,3,4,18,64,549,677,1492
524,2022,January,"Barishal Range",1,3,13,3,0,79,1,1,13,29,345,278,766
525,2022,January,"Rajshahi Range",0,10,21,7,0,142,4,10,5,52,592,1097,1940
526,2022,January,"Rangpur Range",1,5,20,1,0,162,4,2,18,73,590,348,1224
527,2022,January,"Railway Range",0,0,1,0,0,0,2,0,0,12,14,35,64
528,2022,February,DMP,4,16,12,14,0,141,2,6,49,135,511,1585,2475
529,2022,February,CMP,2,7,4,10,0,46,0,1,18,25,177,188,478
530,2022,February,KMP,0,1,2,0,0,13,0,0,2,5,22,105,150
531,2022,February,RMP,0,2,2,0,0,13,0,1,4,8,30,217,277
532,2022,February,BMP,0,0,1,0,0,13,0,0,7,15,32,82,150
533,2022,February,SMP,0,2,3,6,0,17,0,1,4,6,86,55,180
534,2022,February,RPMP,0,0,0,0,0,8,0,0,0,15,48,44,115
535,2022,February,GMP,6,2,1,3,0,23,4,0,0,12,57,85,193
536,2022,February,"Dhaka Range",15,22,56,12,0,250,7,10,38,125,910,881,2326
537,2022,February,"Mymensingh Range",1,1,14,4,0,124,4,4,5,42,453,345,997
538,2022,February,"Chittagong Range",1,9,44,8,0,160,5,14,22,80,804,1214,2361
539,2022,February,"Sylhet Range",1,2,13,1,0,81,1,1,3,37,267,196,603
540,2022,February,"Khulna Range",1,5,23,5,0,120,0,2,13,70,550,775,1564
541,2022,February,"Barishal Range",3,5,4,5,0,95,0,2,11,16,301,268,710
542,2022,February,"Rajshahi Range",2,6,31,11,0,172,0,3,14,64,518,1214,2035
543,2022,February,"Rangpur Range",1,3,22,2,0,176,2,0,16,60,557,390,1229
544,2022,February,"Railway Range",0,2,2,0,0,2,0,0,0,4,17,32,59
545,2022,March,DMP,1,16,17,13,0,199,3,12,60,146,680,1499,2646
546,2022,March,CMP,0,3,1,13,0,69,1,1,9,29,172,177,475
547,2022,March,KMP,0,0,1,0,0,12,0,0,2,4,34,92,145
548,2022,March,RMP,0,1,1,0,0,18,1,1,2,8,48,263,343
549,2022,March,BMP,0,0,0,1,0,18,1,0,5,10,59,109,203
550,2022,March,SMP,0,2,1,5,0,31,0,0,4,10,94,79,226
551,2022,March,RPMP,0,0,2,3,0,16,0,0,0,18,64,38,141
552,2022,March,GMP,4,1,10,3,0,53,1,1,2,15,75,88,253
553,2022,March,"Dhaka Range",17,25,57,24,0,312,8,17,51,160,1105,860,2636
554,2022,March,"Mymensingh Range",2,6,20,6,0,196,5,1,3,56,553,337,1185
555,2022,March,"Chittagong Range",6,14,37,6,0,231,6,7,28,108,904,1374,2721
556,2022,March,"Sylhet Range",1,3,15,2,0,83,3,2,8,50,353,274,794
557,2022,March,"Khulna Range",1,5,28,6,0,160,1,2,12,67,638,605,1525
558,2022,March,"Barishal Range",3,6,7,1,0,126,1,3,13,29,366,256,811
559,2022,March,"Rajshahi Range",0,7,28,11,0,227,2,8,7,87,608,1269,2254
560,2022,March,"Rangpur Range",0,3,21,1,0,224,4,1,17,74,621,436,1402
561,2022,March,"Railway Range",0,2,1,0,0,1,0,1,0,17,25,37,84
562,2022,April,DMP,3,8,16,13,0,184,5,9,68,151,700,1261,2418
563,2022,April,CMP,0,11,4,12,0,75,3,3,21,48,199,195,571
564,2022,April,KMP,0,0,0,0,0,12,0,1,3,3,29,84,132
565,2022,April,RMP,0,1,5,0,0,15,1,1,2,4,40,207,276
566,2022,April,BMP,1,1,2,0,0,11,0,4,5,9,38,93,164
567,2022,April,SMP,0,0,5,5,0,20,0,2,5,15,87,65,204
568,2022,April,RPMP,0,0,0,0,0,24,0,0,1,14,71,43,153
569,2022,April,GMP,1,7,2,4,0,40,1,1,2,14,86,70,228
570,2022,April,"Dhaka Range",11,26,56,48,0,347,7,10,46,145,1266,774,2736
571,2022,April,"Mymensingh Range",1,2,17,8,0,182,1,2,1,62,750,337,1363
572,2022,April,"Chittagong Range",2,16,55,9,0,181,7,7,26,103,1027,1313,2746
573,2022,April,"Sylhet Range",2,6,15,1,0,93,1,4,2,39,445,183,791
574,2022,April,"Khulna Range",0,10,31,4,0,154,2,3,11,88,813,641,1757
575,2022,April,"Barishal Range",1,3,12,0,0,106,3,2,13,25,440,246,851
576,2022,April,"Rajshahi Range",3,11,28,3,0,237,1,3,7,83,765,1156,2297
577,2022,April,"Rangpur Range",1,2,21,4,0,195,3,3,15,71,808,416,1539
578,2022,April,"Railway Range",0,3,0,0,0,0,0,0,0,13,14,31,61
579,2022,May,DMP,0,11,11,9,1,186,3,8,68,133,626,1432,2488
580,2022,May,CMP,0,9,6,17,0,76,3,2,19,28,173,166,499
581,2022,May,KMP,0,0,1,0,0,21,0,0,2,8,24,75,131
582,2022,May,RMP,0,2,3,1,0,17,0,0,3,6,54,248,334
583,2022,May,BMP,0,1,0,1,0,15,0,0,4,7,43,97,168
584,2022,May,SMP,0,0,3,2,0,26,0,2,4,14,67,59,177
585,2022,May,RPMP,0,0,0,2,0,15,0,0,0,12,57,42,128
586,2022,May,GMP,3,1,3,0,0,31,3,0,5,15,71,80,212
587,2022,May,"Dhaka Range",13,24,65,28,0,333,9,7,32,102,1167,880,2660
588,2022,May,"Mymensingh Range",0,4,26,12,0,190,3,2,4,31,685,296,1253
589,2022,May,"Chittagong Range",4,9,41,8,0,213,5,10,31,86,1024,1155,2586
590,2022,May,"Sylhet Range",0,1,19,1,0,83,0,2,5,30,421,206,768
591,2022,May,"Khulna Range",1,2,27,1,0,184,1,2,16,67,722,592,1615
592,2022,May,"Barishal Range",0,5,11,7,0,116,1,1,9,21,441,248,860
593,2022,May,"Rajshahi Range",1,12,38,4,0,251,1,6,7,58,773,1211,2362
594,2022,May,"Rangpur Range",2,2,21,3,0,241,3,2,17,56,751,392,1490
595,2022,May,"Railway Range",0,2,1,0,0,3,0,0,0,15,15,21,57
596,2022,June,DMP,3,10,21,7,0,199,4,15,63,131,684,1342,2513
597,2022,June,CMP,0,11,7,12,0,66,2,1,11,29,152,160,451
598,2022,June,KMP,1,0,2,1,0,13,0,1,2,2,32,90,144
599,2022,June,RMP,0,2,3,0,0,13,1,1,3,16,49,211,299
600,2022,June,BMP,0,1,1,1,0,17,0,0,2,9,42,77,150
601,2022,June,SMP,0,0,1,4,0,26,0,2,2,9,71,73,188
602,2022,June,RPMP,0,0,0,0,0,7,0,0,0,20,59,27,113
603,2022,June,GMP,1,4,3,1,0,47,3,1,1,13,72,69,215
604,2022,June,"Dhaka Range",16,20,60,30,0,323,11,10,48,153,1096,860,2627
605,2022,June,"Mymensingh Range",0,3,15,12,0,218,5,2,7,44,502,362,1170
606,2022,June,"Chittagong Range",5,12,38,8,0,237,7,6,34,103,903,1231,2584
607,2022,June,"Sylhet Range",3,3,10,3,0,87,0,1,5,36,312,167,627
608,2022,June,"Khulna Range",7,4,23,5,0,184,3,6,14,74,768,672,1784
609,2022,June,"Barishal Range",4,3,12,5,0,121,0,6,12,27,355,222,767
610,2022,June,"Rajshahi Range",0,6,25,5,0,259,4,4,12,83,685,1184,2267
611,2022,June,"Rangpur Range",0,5,24,4,0,219,5,0,11,84,694,348,1394
612,2022,June,"Railway Range",0,1,4,0,0,3,0,0,0,9,11,41,69
613,2022,July,DMP,4,13,13,12,0,174,3,3,70,121,621,1205,2239
614,2022,July,CMP,0,6,7,12,0,51,4,0,10,28,171,153,442
615,2022,July,KMP,0,0,2,1,0,14,1,0,6,6,20,71,121
616,2022,July,RMP,0,2,4,0,0,9,1,0,5,3,46,217,287
617,2022,July,BMP,0,1,2,1,0,17,0,0,4,3,32,83,143
618,2022,July,SMP,0,2,1,8,0,25,0,1,5,15,87,65,209
619,2022,July,RPMP,0,0,0,3,0,12,0,0,2,12,60,20,109
620,2022,July,GMP,2,4,8,3,0,40,1,0,1,3,66,61,189
621,2022,July,"Dhaka Range",14,31,74,15,0,296,5,8,47,133,1140,769,2532
622,2022,July,"Mymensingh Range",3,3,27,9,0,199,6,2,6,43,603,301,1202
623,2022,July,"Chittagong Range",5,15,40,12,0,246,4,9,42,101,954,1165,2593
624,2022,July,"Sylhet Range",1,1,31,0,0,75,0,6,5,41,359,187,706
625,2022,July,"Khulna Range",3,6,24,5,0,180,0,0,18,84,744,606,1670
626,2022,July,"Barishal Range",3,1,18,1,0,109,1,2,10,23,367,255,790
627,2022,July,"Rajshahi Range",1,6,34,8,0,262,2,2,7,55,774,1224,2375
628,2022,July,"Rangpur Range",1,5,21,1,0,252,5,7,20,63,771,325,1471
629,2022,July,"Railway Range",0,1,0,0,0,1,0,0,0,9,19,29,59
630,2022,August,DMP,2,10,17,20,0,181,6,4,73,151,679,1475,2618
631,2022,August,CMP,0,6,7,16,0,70,1,3,13,24,185,221,546
632,2022,August,KMP,0,0,2,0,0,17,1,0,3,5,41,65,134
633,2022,August,RMP,1,4,1,2,0,27,0,0,7,9,45,251,347
634,2022,August,BMP,0,2,2,0,0,15,0,0,3,10,36,77,145
635,2022,August,SMP,0,0,2,8,0,34,0,1,5,12,85,70,217
636,2022,August,RPMP,0,0,1,0,0,16,1,1,0,15,55,33,122
637,2022,August,GMP,1,3,6,0,0,28,1,1,5,10,56,105,216
638,2022,August,"Dhaka Range",13,31,59,17,0,337,15,8,64,143,1061,887,2635
639,2022,August,"Mymensingh Range",2,4,20,8,0,238,7,4,11,67,637,387,1385
640,2022,August,"Chittagong Range",8,14,47,14,1,255,5,14,34,93,969,1179,2633
641,2022,August,"Sylhet Range",1,3,17,1,0,96,1,2,2,47,405,197,772
642,2022,August,"Khulna Range",5,6,21,3,0,168,3,1,26,92,705,674,1704
643,2022,August,"Barishal Range",2,4,9,0,0,130,1,0,15,29,329,222,741
644,2022,August,"Rajshahi Range",2,13,32,8,0,302,1,3,14,99,713,1357,2544
645,2022,August,"Rangpur Range",3,5,23,1,0,300,2,2,19,82,806,407,1650
646,2022,August,"Railway Range",0,2,0,0,0,1,0,0,0,22,15,36,76
647,2022,September,DMP,4,15,18,14,4,173,2,4,61,175,605,1267,2342
648,2022,September,CMP,1,8,6,9,0,69,1,2,16,26,144,189,471
649,2022,September,KMP,0,2,1,1,0,20,1,0,6,7,26,0,148
650,2022,September,RMP,0,3,3,0,0,16,0,0,3,12,54,216,307
651,2022,September,BMP,2,0,1,0,0,15,0,1,5,9,41,72,146
652,2022,September,SMP,0,0,2,6,0,32,0,1,6,9,87,61,204
653,2022,September,RPMP,0,0,0,2,0,12,0,0,0,12,51,34,111
654,2022,September,GMP,3,1,3,4,0,35,1,2,4,12,68,93,226
655,2022,September,"Dhaka Range",15,31,67,32,0,310,7,5,46,128,980,926,2547
656,2022,September,"Mymensingh Range",3,3,23,3,0,222,7,3,4,50,512,369,1199
657,2022,September,"Chittagong Range",11,21,55,15,2,230,10,11,40,107,804,1193,2499
658,2022,September,"Sylhet Range",2,2,19,3,0,109,2,3,8,59,343,234,784
659,2022,September,"Khulna Range",2,3,22,6,1,202,1,4,21,101,701,691,1755
660,2022,September,"Barishal Range",1,2,12,1,0,111,0,1,6,38,309,233,714
661,2022,September,"Rajshahi Range",2,12,30,4,0,247,4,7,9,84,654,1143,2196
662,2022,September,"Rangpur Range",1,4,19,2,0,277,3,1,22,84,739,394,1546
663,2022,September,"Railway Range",0,2,2,0,0,0,1,0,0,13,14,0,75
664,2022,October,DMP,0,9,13,31,0,158,6,7,51,119,676,1270,2340
665,2022,October,CMP,0,5,5,4,0,56,6,2,13,32,146,188,457
666,2022,October,KMP,0,0,1,1,0,19,1,0,7,4,29,71,133
667,2022,October,RMP,0,5,0,0,0,17,1,1,1,5,51,220,301
668,2022,October,BMP,0,0,2,1,0,18,0,1,6,8,41,81,158
669,2022,October,SMP,0,1,0,8,0,34,1,0,8,6,70,72,200
670,2022,October,RPMP,0,0,1,0,0,23,0,0,0,22,48,27,121
671,2022,October,GMP,0,2,6,1,0,39,6,3,2,19,75,92,245
672,2022,October,"Dhaka Range",9,24,77,33,0,320,12,9,41,126,1014,938,2603
673,2022,October,"Mymensingh Range",0,3,30,5,0,193,6,3,5,46,470,342,1103
674,2022,October,"Chittagong Range",16,20,38,9,0,214,9,12,42,88,932,1056,2436
675,2022,October,"Sylhet Range",2,2,12,4,0,89,1,4,8,32,350,207,711
676,2022,October,"Khulna Range",7,5,22,7,0,168,3,1,21,96,676,622,1628
677,2022,October,"Barishal Range",1,1,11,2,0,125,1,1,19,23,496,198,878
678,2022,October,"Rajshahi Range",3,17,35,7,0,208,2,4,13,75,657,1188,2209
679,2022,October,"Rangpur Range",0,5,22,4,0,260,6,2,15,64,671,358,1407
680,2022,October,"Railway Range",0,3,2,0,0,1,0,1,0,19,12,40,78
681,2022,November,DMP,2,13,14,10,3,142,3,5,51,134,630,1362,2369
682,2022,November,CMP,1,5,7,2,0,42,3,1,20,36,130,220,467
683,2022,November,KMP,0,0,1,1,0,19,0,0,3,6,26,69,125
684,2022,November,RMP,0,0,0,0,0,5,0,2,5,7,48,213,280
685,2022,November,BMP,1,0,1,2,0,11,0,0,3,9,47,88,162
686,2022,November,SMP,0,0,1,6,0,26,0,0,7,11,71,47,169
687,2022,November,RPMP,0,0,0,0,0,13,1,0,0,20,49,27,110
688,2022,November,GMP,1,2,5,2,0,33,5,6,2,11,80,123,270
689,2022,November,"Dhaka Range",7,30,64,22,0,260,4,14,43,105,986,989,2524
690,2022,November,"Mymensingh Range",0,2,24,3,0,159,3,2,9,45,484,410,1141
691,2022,November,"Chittagong Range",6,14,38,13,0,177,8,6,27,66,787,1157,2299
692,2022,November,"Sylhet Range",0,3,16,5,0,62,2,5,4,51,352,163,663
693,2022,November,"Khulna Range",4,7,23,5,0,163,0,3,21,92,658,666,1642
694,2022,November,"Barishal Range",1,3,8,2,0,88,3,1,8,26,307,204,651
695,2022,November,"Rajshahi Range",5,7,28,7,0,182,1,7,14,73,691,1193,2208
696,2022,November,"Rangpur Range",1,6,23,5,0,204,1,3,20,75,727,354,1419
697,2022,November,"Railway Range",0,0,2,0,0,0,0,0,4,9,2,39,54
698,2022,December,DMP,1,14,11,10,0,105,7,10,50,95,445,1005,1753
699,2022,December,CMP,0,5,4,3,0,28,1,2,13,36,116,182,390
700,2022,December,KMP,1,0,4,0,0,18,0,1,5,4,39,77,149
701,2022,December,RMP,0,0,1,0,0,16,2,0,1,4,41,208,273
702,2022,December,BMP,0,0,0,1,0,7,1,0,4,8,38,81,140
703,2022,December,SMP,0,0,0,6,0,12,0,3,2,6,58,54,141
704,2022,December,RPMP,0,0,0,2,0,5,0,0,0,10,40,33,90
705,2022,December,GMP,1,1,6,2,0,27,2,1,1,10,80,88,219
706,2022,December,"Dhaka Range",10,26,51,17,1,182,3,8,27,135,813,998,2271
707,2022,December,"Mymensingh Range",1,0,12,3,0,123,1,3,14,27,455,311,950
708,2022,December,"Chittagong Range",3,13,38,8,0,155,6,15,28,82,719,1082,2149
709,2022,December,"Sylhet Range",1,2,11,0,0,58,1,3,3,52,313,180,624
710,2022,December,"Khulna Range",0,3,18,2,0,118,1,0,9,75,566,679,1471
711,2022,December,"Barishal Range",3,1,5,2,0,77,3,1,9,28,318,240,687
712,2022,December,"Rajshahi Range",1,6,20,4,0,135,4,2,9,59,626,1001,1867
713,2022,December,"Rangpur Range",1,2,17,4,0,136,2,7,14,64,681,405,1343
714,2022,December,"Railway Range",0,1,2,0,0,0,0,0,0,8,9,30,50
715,2020,January,DMP,2,19,21,5,2,172,4,3,65,138,469,1347,2247
716,2020,January,CMP,0,5,5,5,0,61,3,1,12,26,90,486,694
717,2020,January,KMP,0,0,1,0,0,8,0,0,5,2,31,132,179
718,2020,January,RMP,0,1,1,0,0,17,0,0,0,11,43,315,388
719,2020,January,BMP,0,1,2,2,0,13,0,0,7,16,37,107,185
720,2020,January,SMP,2,1,1,5,0,22,0,1,4,3,53,59,151
721,2020,January,RPMP,0,0,2,0,0,22,0,0,0,8,38,64,134
722,2020,January,GMP,0,4,4,0,0,33,1,0,0,11,91,194,338
723,2020,January,"Dhaka Range",16,18,41,10,0,253,5,5,39,95,760,1205,2447
724,2020,January,"Mymensingh Range",0,1,9,7,0,138,2,6,4,40,409,806,1422
725,2020,January,"Chittagong Range",9,12,65,11,0,190,3,6,42,91,821,1223,2473
726,2020,January,"Sylhet Range",2,2,20,1,0,65,4,2,5,45,348,214,708
727,2020,January,"Khulna Range",5,5,26,1,0,140,6,3,21,58,513,816,1594
728,2020,January,"Barishal Range",1,3,12,0,0,105,5,0,11,21,377,307,842
729,2020,January,"Rajshahi Range",1,8,32,4,0,219,4,1,9,52,534,1703,2567
730,2020,January,"Rangpur Range",1,2,29,2,0,163,2,3,14,55,619,675,1565
731,2020,January,"Railway Range",0,1,2,0,0,3,0,0,0,9,11,46,72
732,2020,February,DMP,1,15,21,10,1,194,1,4,74,113,467,1230,2131
733,2020,February,CMP,0,5,2,7,0,64,0,2,13,13,112,433,651
734,2020,February,KMP,0,2,1,0,0,8,2,0,1,6,26,129,175
735,2020,February,RMP,0,5,1,0,0,16,2,0,1,7,55,282,369
736,2020,February,BMP,0,2,1,2,0,12,0,0,10,10,44,93,174
737,2020,February,SMP,0,2,1,10,0,22,1,1,1,5,59,56,158
738,2020,February,RPMP,0,1,2,1,0,15,0,1,0,6,40,72,138
739,2020,February,GMP,0,2,3,1,0,48,3,1,2,14,90,172,336
740,2020,February,"Dhaka Range",4,14,54,8,0,263,11,4,24,74,806,1210,2472
741,2020,February,"Mymensingh Range",1,1,16,5,0,129,1,4,7,35,434,518,1151
742,2020,February,"Chittagong Range",10,16,48,7,0,239,10,5,35,89,828,1411,2428
743,2020,February,"Sylhet Range",3,3,19,0,0,67,1,2,4,30,306,252,687
744,2020,February,"Khulna Range",3,6,17,2,0,168,2,4,19,49,520,821,1611
745,2020,February,"Barishal Range",1,4,12,0,0,106,2,1,9,26,374,302,837
746,2020,February,"Rajshahi Range",3,7,36,2,0,204,1,4,7,43,552,1689,2548
747,2020,February,"Rangpur Range",0,1,21,1,0,185,3,1,10,45,676,599,1542
748,2020,February,"Railway Range",0,1,2,0,0,0,1,0,1,6,11,42,64
749,2020,March,DMP,3,13,17,13,0,187,7,6,49,110,502,1152,2059
750,2020,March,CMP,0,6,3,7,0,64,1,1,9,13,152,379,635
751,2020,March,KMP,0,0,3,1,0,7,0,0,1,2,18,102,134
752,2020,March,RMP,0,2,1,0,2,19,1,0,5,8,53,273,364
753,2020,March,BMP,0,0,1,3,0,10,0,1,8,5,39,102,169
754,2020,March,SMP,0,0,4,4,0,26,0,0,2,7,75,43,161
755,2020,March,RPMP,0,0,2,1,0,24,0,0,0,11,42,87,167
756,2020,March,GMP,3,3,5,1,0,42,4,3,3,13,107,127,311
757,2020,March,"Dhaka Range",3,18,49,9,0,265,10,4,25,80,911,1016,2390
758,2020,March,"Mymensingh Range",1,2,21,3,0,122,0,4,4,31,457,450,1095
759,2020,March,"Chittagong Range",8,9,62,11,0,230,5,11,32,65,953,1043,2429
760,2020,March,"Sylhet Range",2,3,26,1,0,88,3,5,10,35,338,190,701
761,2020,March,"Khulna Range",4,12,32,3,0,195,4,1,17,57,651,663,1639
762,2020,March,"Barishal Range",1,4,7,5,0,110,2,1,13,21,476,328,968
763,2020,March,"Rajshahi Range",0,3,21,9,0,220,1,5,7,34,566,1554,2420
764,2020,March,"Rangpur Range",1,1,22,1,0,194,1,1,9,62,644,524,1460
765,2020,March,"Railway Range",0,2,3,0,0,0,0,0,1,6,11,25,48
766,2020,April,DMP,1,5,8,6,0,47,0,1,21,22,118,122,351
767,2020,April,CMP,0,4,9,3,0,16,0,1,4,10,51,68,166
768,2020,April,KMP,0,1,0,0,0,1,0,1,1,1,9,7,21
769,2020,April,RMP,0,1,1,0,0,11,0,1,3,3,44,56,120
770,2020,April,BMP,0,0,3,1,0,4,0,0,1,3,37,26,75
771,2020,April,SMP,0,0,1,2,0,11,0,1,4,6,49,10,84
772,2020,April,RPMP,0,1,1,0,0,6,0,0,0,3,35,10,56
773,2020,April,GMP,0,1,3,1,0,11,0,0,2,7,68,24,117
774,2020,April,"Dhaka Range",5,7,51,4,0,128,2,11,11,40,786,230,1248
775,2020,April,"Mymensingh Range",0,1,25,1,0,58,2,4,1,27,666,41,826
776,2020,April,"Chittagong Range",2,5,55,7,0,108,1,9,17,37,936,346,1523
777,2020,April,"Sylhet Range",2,0,13,0,0,38,0,4,2,31,336,59,485
778,2020,April,"Khulna Range",0,2,29,3,0,127,1,3,9,41,633,259,1107
779,2020,April,"Barishal Range",0,0,16,4,0,95,1,3,11,8,537,70,745
780,2020,April,"Rajshahi Range",0,3,31,2,0,160,2,4,1,23,560,328,1114
781,2020,April,"Rangpur Range",0,1,27,3,0,104,1,2,5,29,706,179,1057
782,2020,April,"Railway Range",0,0,0,0,0,0,0,0,0,2,1,0,3
783,2020,May,DMP,2,8,13,6,0,68,1,3,31,43,172,172,518
784,2020,May,CMP,0,3,6,3,0,23,0,0,11,20,102,65,233
785,2020,May,KMP,0,0,0,0,0,12,1,0,0,2,21,5,41
786,2020,May,RMP,0,1,2,0,0,17,0,0,4,2,51,69,146
787,2020,May,BMP,0,0,2,2,0,4,0,0,2,5,34,9,58
788,2020,May,SMP,0,0,2,3,0,16,0,1,2,6,86,30,146
789,2020,May,RPMP,0,1,5,0,0,8,0,0,0,5,42,15,76
790,2020,May,GMP,1,5,8,2,0,11,2,1,2,9,65,37,143
791,2020,May,"Dhaka Range",5,12,54,4,0,158,6,16,27,66,1030,338,1716
792,2020,May,"Mymensingh Range",0,0,26,3,0,104,3,0,4,28,735,113,1016
793,2020,May,"Chittagong Range",2,10,97,9,0,143,4,12,21,58,1172,667,2195
794,2020,May,"Sylhet Range",0,1,28,1,0,51,1,3,3,31,452,95,666
795,2020,May,"Khulna Range",1,2,36,2,0,131,0,2,8,45,672,309,1208
796,2020,May,"Barishal Range",0,2,12,1,0,106,1,2,9,10,514,121,778
797,2020,May,"Rajshahi Range",0,9,32,7,0,163,0,6,3,29,615,382,1246
798,2020,May,"Rangpur Range",0,5,38,1,0,152,0,4,9,37,819,255,1320
799,2020,May,"Railway Range",0,0,0,0,0,1,0,0,0,1,3,2,7
800,2020,June,DMP,2,13,19,7,0,185,3,5,45,92,328,478,1177
801,2020,June,CMP,1,5,8,10,0,33,0,2,3,7,104,157,330
802,2020,June,KMP,0,2,3,0,0,5,0,0,0,4,8,51,73
803,2020,June,RMP,0,4,0,2,0,15,0,0,1,6,40,60,128
804,2020,June,BMP,0,3,2,0,0,12,0,0,4,10,28,18,77
805,2020,June,SMP,0,0,6,5,0,20,0,1,0,8,45,28,113
806,2020,June,RPMP,0,0,3,2,0,21,1,0,1,6,47,24,105
807,2020,June,GMP,3,1,7,6,0,38,2,1,3,11,68,48,188
808,2020,June,"Dhaka Range",13,13,64,18,0,269,16,10,31,73,958,669,2134
809,2020,June,"Mymensingh Range",0,9,12,8,0,136,0,2,7,35,543,241,993
810,2020,June,"Chittagong Range",4,7,54,9,0,215,7,3,35,62,918,690,2004
811,2020,June,"Sylhet Range",0,1,19,0,0,66,2,3,5,31,325,157,609
812,2020,June,"Khulna Range",4,9,32,5,0,188,2,5,19,63,662,469,1458
813,2020,June,"Barishal Range",0,3,12,0,0,108,1,0,16,10,359,226,735
814,2020,June,"Rajshahi Range",0,4,33,7,0,230,3,0,5,41,556,744,1623
815,2020,June,"Rangpur Range",0,5,28,7,0,197,1,1,9,45,756,378,1427
816,2020,June,"Railway Range",0,0,1,0,0,1,0,0,0,2,7,7,18
817,2020,July,DMP,1,22,27,10,0,216,2,6,55,122,509,1439,2409
818,2020,July,CMP,0,8,8,8,0,69,0,2,9,25,155,368,652
819,2020,July,KMP,0,2,4,0,0,13,0,0,1,6,27,191,244
820,2020,July,RMP,0,4,3,0,0,23,0,0,1,15,41,67,154
821,2020,July,BMP,0,1,0,1,0,18,0,0,6,14,39,33,112
822,2020,July,SMP,0,1,5,7,1,21,0,0,3,12,55,57,162
823,2020,July,RPMP,0,0,2,2,0,24,5,0,0,11,57,33,134
824,2020,July,GMP,2,1,5,2,0,38,2,1,3,8,83,140,285
825,2020,July,"Dhaka Range",7,18,70,15,0,268,13,12,31,104,928,1037,2503
826,2020,July,"Mymensingh Range",1,4,13,8,0,143,1,1,6,56,451,462,1146
827,2020,July,"Chittagong Range",6,12,90,11,0,241,9,7,39,96,868,1402,2781
828,2020,July,"Sylhet Range",1,0,23,2,0,75,0,1,5,50,307,366,830
829,2020,July,"Khulna Range",2,10,29,4,0,215,3,3,24,92,597,764,1743
830,2020,July,"Barishal Range",2,3,12,0,0,111,0,1,13,17,354,299,812
831,2020,July,"Rajshahi Range",0,3,40,8,0,220,0,5,5,63,503,1357,2204
832,2020,July,"Rangpur Range",1,2,26,3,0,217,3,0,15,83,734,537,1621
833,2020,July,"Railway Range",0,0,1,0,0,0,0,0,0,5,9,16,22
834,2020,August,DMP,1,13,20,10,0,222,4,2,65,89,443,992,1861
835,2020,August,CMP,0,4,3,10,0,105,0,1,13,13,121,171,441
836,2020,August,KMP,0,1,4,1,0,9,1,1,4,9,29,121,180
837,2020,August,RMP,0,5,1,0,0,27,1,0,9,10,58,171,282
838,2020,August,BMP,0,1,0,3,0,16,0,0,6,12,38,46,122
839,2020,August,SMP,1,3,2,6,0,17,0,1,3,9,61,54,157
840,2020,August,RPMP,0,1,0,3,0,26,6,0,0,15,68,37,156
841,2020,August,GMP,1,1,6,3,0,57,5,0,5,16,89,120,303
842,2020,August,"Dhaka Range",12,17,76,11,1,318,11,4,32,59,1036,743,2320
843,2020,August,"Mymensingh Range",0,2,21,10,0,195,1,0,11,28,590,273,1131
844,2020,August,"Chittagong Range",6,10,58,10,0,233,9,5,53,85,1015,776,2260
845,2020,August,"Sylhet Range",2,3,22,2,0,88,0,3,7,42,410,245,824
846,2020,August,"Khulna Range",3,8,29,2,0,212,5,2,15,63,613,550,1502
847,2020,August,"Barishal Range",1,3,13,9,0,141,1,2,13,21,429,213,846
848,2020,August,"Rajshahi Range",1,9,33,7,0,342,3,3,9,44,584,1048,2083
849,2020,August,"Rangpur Range",0,3,33,4,0,304,2,0,13,68,901,347,1675
850,2020,August,"Railway Range",0,0,1,0,0,1,0,0,0,1,4,15,22
851,2020,September,DMP,2,26,22,9,0,214,8,4,60,126,559,1457,2487
852,2020,September,CMP,0,10,5,9,0,73,0,3,16,25,168,262,571
853,2020,September,KMP,0,3,0,2,0,6,2,0,1,13,30,156,213
854,2020,September,RMP,0,2,2,1,0,24,1,0,5,5,51,288,379
855,2020,September,BMP,0,0,4,1,0,14,1,0,3,10,44,50,127
856,2020,September,SMP,0,0,1,4,0,28,2,1,5,12,58,53,164
857,2020,September,RPMP,0,1,2,1,0,15,0,0,3,9,44,55,130
858,2020,September,GMP,1,3,5,3,0,58,4,0,7,15,73,98,267
859,2020,September,"Dhaka Range",13,17,65,14,0,370,14,4,33,112,968,768,2378
860,2020,September,"Mymensingh Range",2,3,18,15,0,202,1,0,6,41,457,228,973
861,2020,September,"Chittagong Range",6,18,54,8,0,260,5,3,55,105,914,791,2219
862,2020,September,"Sylhet Range",1,1,10,0,0,107,3,1,6,39,386,218,772
863,2020,September,"Khulna Range",1,7,25,1,0,187,2,1,24,88,626,583,1545
864,2020,September,"Barishal Range",2,6,11,7,0,145,3,1,15,22,382,228,822
865,2020,September,"Rajshahi Range",0,6,29,8,0,348,2,4,12,58,577,1084,2128
866,2020,September,"Rangpur Range",0,1,25,1,0,287,5,1,13,67,651,392,1443
867,2020,September,"Railway Range",0,1,1,0,0,1,1,0,0,5,5,18,32
868,2020,October,DMP,0,18,22,12,0,297,3,12,61,125,544,1452,2546
869,2020,October,CMP,0,19,12,19,0,115,4,1,12,21,155,343,701
870,2020,October,KMP,0,1,0,1,0,18,0,1,2,12,29,97,161
871,2020,October,RMP,0,1,0,0,0,32,3,0,4,5,47,343,435
872,2020,October,BMP,0,2,1,2,0,21,0,0,6,8,48,70,158
873,2020,October,SMP,0,0,1,3,0,29,1,1,3,13,73,50,174
874,2020,October,RPMP,0,0,1,1,0,30,0,0,0,14,53,74,173
875,2020,October,GMP,1,5,7,2,0,55,1,0,1,8,75,75,230
876,2020,October,"Dhaka Range",12,23,63,17,0,470,13,10,45,107,991,707,2458
877,2020,October,"Mymensingh Range",0,4,21,6,0,265,3,4,10,53,454,285,1105
878,2020,October,"Chittagong Range",13,20,59,7,0,481,17,10,47,110,1035,866,2665
879,2020,October,"Sylhet Range",0,3,21,2,0,127,1,3,7,52,350,212,778
880,2020,October,"Khulna Range",0,8,31,6,0,242,1,1,24,79,675,568,1635
881,2020,October,"Barishal Range",2,2,10,17,0,178,3,4,14,18,395,229,872
882,2020,October,"Rajshahi Range",3,8,36,5,0,324,3,2,13,46,574,1201,2215
883,2020,October,"Rangpur Range",0,4,17,3,0,297,1,3,13,66,619,370,1465
884,2020,October,"Railway Range",1,2,2,0,0,1,1,0,0,8,8,19,42
885,2020,November,DMP,2,10,18,9,0,225,4,7,72,123,535,1475,2480
886,2020,November,CMP,1,7,8,16,0,96,3,2,13,23,154,310,633
887,2020,November,KMP,0,1,1,0,0,15,0,1,2,7,37,148,212
888,2020,November,RMP,0,1,4,1,0,26,1,0,3,7,56,410,509
889,2020,November,BMP,0,2,2,2,0,19,0,0,5,12,33,70,145
890,2020,November,SMP,0,0,4,9,0,37,0,1,3,11,101,75,241
891,2020,November,RPMP,0,0,2,1,0,18,0,1,4,8,48,54,136
892,2020,November,GMP,1,2,3,1,0,41,6,0,4,8,93,76,235
893,2020,November,"Dhaka Range",13,19,63,16,0,358,12,9,34,100,1140,850,2614
894,2020,November,"Mymensingh Range",0,0,16,9,0,183,1,3,7,43,507,295,1064
895,2020,November,"Chittagong Range",10,13,47,4,4,297,12,1,30,112,976,858,2364
896,2020,November,"Sylhet Range",0,6,18,4,0,84,0,4,8,34,365,191,714
897,2020,November,"Khulna Range",1,6,24,8,0,193,3,1,17,75,601,583,1512
898,2020,November,"Barishal Range",1,1,13,1,0,135,1,1,13,22,419,261,868
899,2020,November,"Rajshahi Range",0,7,27,3,0,235,3,6,8,39,585,1061,1974
900,2020,November,"Rangpur Range",0,2,21,2,0,239,1,3,16,46,717,412,1459
901,2020,November,"Railway Range",0,2,0,0,0,1,0,0,0,5,16,35,59
902,2020,December,DMP,4,14,11,8,0,171,7,1,60,114,486,1531,2407
903,2020,December,CMP,0,5,8,10,0,78,2,2,8,20,137,311,581
904,2020,December,KMP,0,2,0,0,0,10,1,0,3,6,33,76,131
905,2020,December,RMP,0,2,0,1,0,14,2,2,2,3,45,331,402
906,2020,December,BMP,0,1,2,1,0,18,0,0,9,10,28,66,135
907,2020,December,SMP,1,0,3,4,0,20,0,2,2,18,104,95,249
908,2020,December,RPMP,0,0,1,0,0,20,0,0,3,8,42,59,133
909,2020,December,GMP,1,1,10,1,0,24,13,2,8,7,65,112,244
910,2020,December,"Dhaka Range",6,22,54,19,0,278,11,8,51,91,938,697,2175
911,2020,December,"Mymensingh Range",0,1,17,6,0,186,1,1,10,42,457,304,1025
912,2020,December,"Chittagong Range",7,12,38,14,2,251,11,6,40,110,936,919,2346
913,2020,December,"Sylhet Range",1,4,14,3,0,70,1,3,5,37,359,213,710
914,2020,December,"Khulna Range",1,8,24,4,0,137,5,0,15,63,571,556,1384
915,2020,December,"Barishal Range",0,2,13,1,0,92,0,2,6,20,387,232,755
916,2020,December,"Rajshahi Range",1,4,38,3,0,196,2,5,4,43,491,865,1652
917,2020,December,"Rangpur Range",1,3,24,3,0,204,1,0,4,57,683,478,1458
918,2020,December,"Railway Range",0,0,2,0,0,1,0,1,0,8,7,19,38
919,2019,January,DMP,1,10,19,10,0,118,9,6,49,127,411,1393,2153
920,2019,January,CMP,0,3,9,5,0,22,0,5,6,15,125,488,678
921,2019,January,KMP,1,0,4,1,0,8,0,0,6,4,16,277,317
922,2019,January,RMP,0,4,1,1,1,11,0,0,4,6,52,321,401
923,2019,January,BMP,0,0,0,0,0,14,1,0,4,6,49,92,166
924,2019,January,SMP,0,2,5,3,0,15,0,13,2,2,55,46,143
925,2019,January,RPMP,0,0,1,0,0,12,1,0,0,6,33,68,121
926,2019,January,GMP,2,3,3,1,0,22,1,2,2,8,65,135,244
927,2019,January,"Dhaka Range",7,11,75,10,0,216,12,13,28,70,889,1758,3089
928,2019,January,"Mymensingh Range",1,1,23,1,0,87,2,6,5,24,405,449,1004
929,2019,January,"Chittagong Range",4,11,74,4,0,147,6,10,25,51,891,1173,2396
930,2019,January,"Sylhet Range",4,5,20,4,0,67,1,8,7,33,412,164,725
931,2019,January,"Khulna Range",4,4,37,0,0,99,2,2,7,36,544,850,1585
932,2019,January,"Barishal Range",2,3,16,2,0,86,3,2,16,23,378,364,895
933,2019,January,"Rajshahi Range",5,8,29,6,0,99,8,2,5,40,469,1340,2011
934,2019,January,"Rangpur Range",1,2,33,0,0,116,0,0,8,38,625,649,1472
935,2019,January,"Railway Range",0,1,2,0,0,0,0,0,5,9,0,67,84
936,2019,February,DMP,1,8,16,10,0,148,4,5,42,126,399,1281,2040
937,2019,February,CMP,0,3,5,9,0,31,2,2,9,11,86,413,571
938,2019,February,KMP,0,0,1,1,0,6,0,0,5,3,23,226,265
939,2019,February,RMP,0,2,0,2,0,10,0,0,5,5,36,336,396
940,2019,February,BMP,0,0,1,1,0,15,0,0,2,6,33,76,134
941,2019,February,SMP,0,1,2,7,0,6,0,0,1,4,44,55,120
942,2019,February,RPMP,1,0,0,1,0,16,5,0,0,6,30,69,128
943,2019,February,GMP,0,4,3,1,0,16,0,0,1,6,68,188,287
944,2019,February,"Dhaka Range",5,7,53,4,0,193,9,7,21,79,812,1665,2855
945,2019,February,"Mymensingh Range",0,1,22,5,0,80,3,4,10,27,358,537,1047
946,2019,February,"Chittagong Range",8,3,55,12,0,149,10,4,34,57,775,1501,2608
947,2019,February,"Sylhet Range",6,4,11,2,0,59,0,4,5,34,317,282,724
948,2019,February,"Khulna Range",0,2,27,4,0,104,2,1,6,41,433,1161,1781
949,2019,February,"Barishal Range",1,4,19,0,0,96,3,1,13,15,368,350,870
950,2019,February,"Rajshahi Range",2,3,32,3,0,128,6,6,3,25,445,1595,2248
951,2019,February,"Rangpur Range",0,0,14,1,0,160,1,3,8,40,529,745,1501
952,2019,February,"Ralway Range",0,1,1,0,0,0,0,0,8,8,0,69,87
953,2019,March,DMP,1,7,12,19,0,172,10,3,51,132,433,1593,2433
954,2019,March,CMP,0,4,7,8,0,32,2,2,7,17,111,484,674
955,2019,March,KMP,0,1,2,1,0,15,0,0,5,4,28,229,285
956,2019,March,RMP,0,2,0,1,1,15,0,1,2,4,52,284,362
957,2019,March,BMP,0,0,1,2,0,11,0,0,4,4,50,88,160
958,2019,March,SMP,2,0,1,11,2,13,0,1,5,5,62,53,155
959,2019,March,RPMP,0,2,1,0,0,10,5,0,0,5,35,50,108
960,2019,March,GMP,1,3,7,1,0,22,2,0,0,15,64,238,353
961,2019,March,"Dhaka Range",1,8,60,7,0,201,9,11,22,74,934,1631,2958
962,2019,March,"Mymensingh Range",1,0,17,2,0,102,1,0,4,19,379,476,1001
963,2019,March,"Chittagong Range",4,5,69,6,0,166,4,10,29,54,803,1228,2378
964,2019,March,"Sylhet Range",1,2,23,1,0,72,2,7,4,44,351,231,738
965,2019,March,"Khulna Range",3,2,40,3,1,125,0,0,13,36,504,778,1505
966,2019,March,"Barishal Range",2,0,11,2,0,119,0,2,15,12,422,341,926
967,2019,March,"Rajshahi Range",2,2,22,10,0,138,4,1,4,35,523,1274,2015
968,2019,March,"Rangpur Range",2,1,15,0,0,152,3,3,8,44,545,644,1417
969,2019,March,"Railway Range",0,0,2,0,0,1,0,0,0,9,17,60,89
970,2019,April,DMP,1,10,12,13,0,216,14,8,38,107,469,1627,2515
971,2019,April,CMP,1,9,15,6,0,50,0,5,8,16,107,546,763
972,2019,April,KMP,0,0,1,0,0,15,0,0,2,4,32,206,260
973,2019,April,RMP,0,4,1,0,0,19,2,0,4,4,57,442,533
974,2019,April,BMP,0,1,1,1,0,13,0,0,2,5,46,100,169
975,2019,April,SMP,0,1,2,2,0,19,1,0,1,4,62,74,166
976,2019,April,RPMP,0,0,2,0,0,14,0,0,0,5,43,89,153
977,2019,April,GMP,0,0,7,0,0,24,1,2,2,16,89,178,319
978,2019,April,"Dhaka Range",10,15,65,2,0,322,16,8,28,85,1133,1907,3591
979,2019,April,"Mymensingh Range",1,1,24,2,0,166,0,0,4,34,427,515,1174
980,2019,April,"Chittagong Range",5,6,65,11,0,274,8,13,29,64,1041,1377,2893
981,2019,April,"Sylhet Range",4,2,17,2,0,97,5,3,7,32,394,262,825
982,2019,April,"Khulna Range",2,4,35,1,0,161,6,2,15,28,616,740,1610
983,2019,April,"Barishal Range",2,5,11,3,0,152,0,1,20,19,463,391,1067
984,2019,April,"Rajshahi Range",1,8,36,9,0,212,0,1,5,46,606,1352,2276
985,2019,April,"Rangpur Range",1,4,23,1,0,216,2,2,6,41,745,680,1721
986,2019,April,"Railway Range",0,1,2,0,0,1,1,0,0,4,11,80,100
987,2019,May,DMP,2,16,16,5,0,211,9,8,63,122,638,1546,2636
988,2019,May,CMP,0,13,9,0,0,46,1,7,6,20,170,664,936
989,2019,May,KMP,0,2,0,0,0,12,0,1,2,7,40,119,183
990,2019,May,RMP,0,4,1,0,0,22,1,2,1,5,60,364,460
991,2019,May,BMP,0,1,0,0,0,11,0,0,3,5,47,117,184
992,2019,May,SMP,1,1,4,0,0,17,1,0,1,9,78,64,176
993,2019,May,RPMP,0,2,2,0,0,13,0,0,0,5,48,75,145
994,2019,May,GMP,0,5,5,0,0,31,3,3,4,19,123,134,327
995,2019,May,"Dhaka Range",4,12,63,0,0,331,7,15,31,88,1232,1890,3673
996,2019,May,"Mymensingh Range",1,0,27,0,0,139,5,3,6,30,549,493,1253
997,2019,May,"Chittagong Range",9,9,75,0,0,295,9,7,24,81,1265,1392,3166
998,2019,May,"Sylhet Range",1,3,20,0,0,90,1,4,2,39,526,235,921
999,2019,May,"Khulna Range",3,4,36,0,0,171,3,3,11,35,725,699,1690
1000,2019,May,"Barishal Range",0,2,7,0,0,184,0,0,11,20,548,326,1098
1001,2019,May,"Rajshahi Range",2,5,35,0,0,241,2,3,10,41,629,1310,2278
1002,2019,May,"Rangpur Range",1,2,17,0,0,227,1,3,7,46,801,636,1741
1003,2019,May,"Railway Range",0,1,3,0,0,0,0,0,0,7,13,64,88
1004,2019,June,DMP,2,7,19,0,0,234,6,9,56,108,387,1139,1967
1005,2019,June,CMP,0,8,6,1,0,51,3,5,7,16,135,486,718
1006,2019,June,KMP,0,0,1,0,0,16,0,0,1,5,43,117,183
1007,2019,June,RMP,0,2,2,0,0,25,0,1,4,2,53,274,363
1008,2019,June,BMP,0,2,3,0,0,18,0,0,2,6,42,99,172
1009,2019,June,SMP,0,3,5,0,0,21,1,3,0,3,64,79,179
1010,2019,June,RPMP,0,0,3,0,0,12,5,0,0,6,35,70,131
1011,2019,June,GMP,0,4,5,0,0,25,5,0,1,12,97,215,364
1012,2019,June,"Dhaka Range",10,17,66,3,0,315,8,11,34,86,1106,1369,3025
1013,2019,June,"Mymensingh Range",0,2,19,0,0,173,4,3,4,32,565,517,1319
1014,2019,June,"Chittagong Range",5,11,87,2,0,295,7,12,27,83,1128,1250,2907
1015,2019,June,"Sylhet Range",1,5,24,0,0,94,3,4,7,45,383,196,762
1016,2019,June,"Khulna Range",3,17,32,0,0,196,5,5,20,49,696,628,1651
1017,2019,June,"Barishal Range",0,5,23,0,0,152,1,3,15,20,505,271,995
1018,2019,June,"Rajshahi Range",2,7,54,0,0,250,3,3,8,29,644,1176,2176
1019,2019,June,"Rangpur Range",1,2,22,1,0,222,1,2,6,40,756,551,1604
1020,2019,June,"Railway Range",1,0,0,0,0,1,0,0,0,5,10,47,64
1021,2019,July,DMP,0,18,33,2,0,205,7,13,69,139,498,1656,2640
1022,2019,July,CMP,0,7,4,0,0,73,0,0,13,21,117,515,750
1023,2019,July,KMP,0,1,2,0,0,16,0,0,1,3,31,93,147
1024,2019,July,RMP,0,6,2,0,0,11,5,1,2,9,66,428,530
1025,2019,July,BMP,1,1,5,0,0,14,0,0,6,5,34,115,181
1026,2019,July,SMP,0,4,3,0,0,14,2,2,0,9,74,101,209
1027,2019,July,RPMP,1,2,2,0,0,23,0,0,1,4,31,86,150
1028,2019,July,GMP,2,3,8,0,0,36,2,3,2,13,102,247,418
1029,2019,July,"Dhaka Range",10,13,77,3,0,338,11,4,29,93,896,1590,3064
1030,2019,July,"Mymensingh Range",1,3,20,0,0,155,2,6,6,31,393,658,1275
1031,2019,July,"Chittagong Range",11,13,62,2,0,262,6,6,51,69,856,1271,2609
1032,2019,July,"Sylhet Range",3,1,12,0,0,99,0,2,8,37,367,275,804
1033,2019,July,"Khulna Range",4,8,39,0,0,213,1,4,17,62,644,1009,2001
1034,2019,July,"Barishal Range",3,6,9,0,0,142,1,1,19,22,396,362,961
1035,2019,July,"Rajshahi Range",1,4,35,0,0,256,4,2,8,42,479,1498,2329
1036,2019,July,"Rangpur Range",1,2,18,0,0,225,3,2,9,45,754,752,1811
1037,2019,July,"Railway Range",0,4,1,0,0,1,0,0,0,7,7,87,107
1038,2019,August,DMP,2,16,14,6,0,205,8,5,58,98,393,1384,2189
1039,2019,August,CMP,1,7,5,7,0,68,1,4,16,20,133,468,730
1040,2019,August,KMP,0,0,3,0,0,13,0,0,1,11,33,84,145
1041,2019,August,RMP,0,2,5,2,0,20,2,2,3,6,45,363,450
1042,2019,August,BMP,0,2,4,1,0,14,0,0,11,8,43,135,218
1043,2019,August,SMP,1,1,2,5,0,25,0,2,5,8,82,71,202
1044,2019,August,RPMP,0,0,2,0,0,16,0,0,0,7,33,91,149
1045,2019,August,GMP,0,3,7,1,0,35,1,0,0,11,69,229,356
1046,2019,August,"Dhaka Range",3,12,75,5,0,279,47,6,36,84,998,1460,3005
1047,2019,August,"Mymensingh Range",1,4,29,4,0,161,2,4,5,33,518,501,1262
1048,2019,August,"Chittagong Range",11,5,72,9,0,221,7,10,36,66,906,1290,2633
1049,2019,August,"Sylhet Range",3,2,22,2,0,84,2,6,9,39,372,285,826
1050,2019,August,"Khulna Range",3,9,37,2,0,174,3,1,19,46,572,864,1730
1051,2019,August,"Barishal Range",2,1,9,0,0,153,3,2,13,19,409,371,982
1052,2019,August,"Rajshahi Range",1,9,28,10,0,196,2,2,7,43,603,1366,2267
1053,2019,August,"Rangpur Range",0,4,27,1,0,271,0,2,7,66,842,713,1933
1054,2019,August,"Railway Range",0,2,3,0,0,2,0,0,0,5,26,31,69
1055,2019,September,DMP,3,17,11,9,0,258,13,3,70,143,499,1523,2549
1056,2019,September,CMP,0,10,6,4,0,80,1,3,13,15,116,508,756
1057,2019,September,KMP,1,0,2,1,0,7,0,0,1,9,34,148,203
1058,2019,September,RMP,1,2,1,0,0,29,0,1,2,2,46,367,451
1059,2019,September,BMP,0,2,3,2,0,13,0,1,12,8,52,127,220
1060,2019,September,SMP,1,0,0,3,0,28,2,1,1,13,81,62,192
1061,2019,September,RPMP,0,0,1,0,0,13,5,0,0,10,32,68,129
1062,2019,September,GMP,1,2,5,0,0,49,4,1,0,13,96,219,390
1063,2019,September,"Dhaka Range",9,10,54,6,0,330,11,6,40,119,959,1500,3044
1064,2019,September,"Mymensingh Range",1,2,24,6,0,161,4,4,4,48,501,788,1543
1065,2019,September,"Chittagong Range",11,9,58,8,0,290,14,7,44,90,825,1375,2731
1066,2019,September,"Sylhet Range",2,2,18,0,0,97,3,10,10,52,356,315,865
1067,2019,September,"Khulna Range",2,5,25,4,0,203,4,3,25,64,612,933,1880
1068,2019,September,"Barishal Range",4,2,10,0,0,148,2,3,15,16,428,347,975
1069,2019,September,"Rajshahi Range",1,9,26,6,0,284,9,3,9,38,542,1700,2627
1070,2019,September,"Rangpur Range",1,3,22,1,0,285,5,2,12,67,752,781,1931
1071,2019,September,"Railway Range",0,0,2,0,0,1,0,0,0,5,12,57,77
1072,2019,October,DMP,4,11,19,7,0,247,6,3,64,163,497,1225,2246
1073,2019,October,CMP,0,9,8,11,0,97,3,0,11,15,122,490,766
1074,2019,October,KMP,0,0,1,1,0,10,0,0,3,6,28,111,160
1075,2019,October,RMP,0,4,1,0,1,26,3,1,5,4,44,321,410
1076,2019,October,BMP,1,1,3,1,0,7,0,1,12,10,39,109,184
1077,2019,October,SMP,0,0,1,9,0,25,0,0,5,12,62,60,174
1078,2019,October,RPMP,0,0,0,0,0,11,0,0,0,3,53,103,170
1079,2019,October,GMP,2,6,4,2,0,37,0,0,1,15,83,211,361
1080,2019,October,"Dhaka Range",9,17,75,7,0,339,13,9,35,101,895,1356,2856
1081,2019,October,"Mymensingh Range",1,2,19,3,0,160,4,5,5,32,355,626,1212
1082,2019,October,"Chittagong Range",12,13,59,10,0,274,8,6,31,97,897,1156,2563
1083,2019,October,"Sylhet Range",1,2,12,0,0,96,2,3,8,46,340,281,791
1084,2019,October,"Khulna Range",3,5,21,4,0,175,0,2,22,54,564,863,1713
1085,2019,October,"Barishal Range",2,3,13,0,0,141,4,1,16,15,417,317,929
1086,2019,October,"Rajshahi Range",2,10,29,11,0,230,5,4,6,41,555,1577,2470
1087,2019,October,"Rangpur Range",1,5,21,2,0,226,0,3,17,63,610,685,1633
1088,2019,October,"Railway Range",0,2,2,1,0,0,0,0,0,9,6,52,72
1089,2019,November,DMP,2,22,20,4,1,210,4,4,60,141,477,1384,2329
1090,2019,November,CMP,0,5,5,9,0,94,0,2,8,20,109,477,729
1091,2019,November,KMP,0,0,1,0,0,9,0,0,4,1,23,115,153
1092,2019,November,RMP,0,1,4,0,0,14,1,0,1,7,38,346,412
1093,2019,November,BMP,0,0,3,0,0,21,1,0,8,7,33,90,163
1094,2019,November,SMP,0,2,3,6,0,23,1,1,1,16,62,76,191
1095,2019,November,RPMP,1,1,1,1,0,18,0,0,0,3,33,68,126
1096,2019,November,GMP,0,2,6,0,0,39,3,0,3,11,65,164,293
1097,2019,November,"Dhaka Range",6,16,47,6,0,302,8,7,31,83,885,1279,2670
1098,2019,November,"Mymensingh Range",0,2,14,2,0,161,1,0,7,34,417,604,1242
1099,2019,November,"Chittagong Range",7,14,51,9,0,267,6,8,25,82,810,1112,2391
1100,2019,November,"Sylhet Range",2,6,19,0,0,66,1,4,1,31,312,271,713
1101,2019,November,"Khulna Range",1,7,28,2,0,169,0,1,19,62,596,794,1679
1102,2019,November,"Barishal Range",1,1,7,1,0,111,3,0,14,19,377,287,821
1103,2019,November,"Rajshahi Range",1,6,26,4,0,236,3,4,7,35,554,1525,2401
1104,2019,November,"Rangpur Range",1,6,22,2,0,183,0,7,8,42,677,617,1565
1105,2019,November,"Railway Range",0,4,1,0,0,0,0,0,5,9,1,49,68
1293,2019,December,DMP,2,13,17,12,1,176,8,6,74,111,402,1415,2237
1294,2019,December,CMP,0,6,6,7,0,60,1,0,16,12,112,432,652
1295,2019,December,KMP,0,0,0,1,0,11,0,1,2,5,26,100,146
1296,2019,December,RMP,0,0,2,0,0,15,2,1,2,7,33,296,358
1297,2019,December,BMP,0,1,1,0,0,9,0,0,4,6,36,94,151
1298,2019,December,SMP,0,0,4,4,0,17,1,1,2,18,64,60,171
1299,2019,December,RPMP,1,2,3,1,0,11,0,0,1,11,28,65,123
1300,2019,December,GMP,3,3,5,0,0,36,3,0,2,13,73,214,352
1301,2019,December,"Dhaka Range",11,16,60,6,0,266,6,5,28,87,806,1137,2428
1302,2019,December,"Mymensingh Range",0,3,13,4,0,130,3,1,4,33,434,531,1156
1303,2019,December,"Chittagong Range",4,7,50,8,0,220,4,5,35,73,766,1062,2234
1304,2019,December,"Sylhet Range",2,4,16,4,0,60,1,2,3,39,337,247,715
1305,2019,December,"Khulna Range",3,5,24,1,0,153,0,0,18,39,549,798,1590
1306,2019,December,"Barishal Range",3,1,11,1,0,93,2,0,11,19,383,293,817
1307,2019,December,"Rajshahi Range",2,4,21,4,0,204,2,2,5,43,508,1593,2388
1308,2019,December,"Rangpur Range",2,1,15,1,0,149,2,3,12,39,571,578,1373
1309,2019,December,"Railway Range",0,0,2,0,0,0,0,0,0,7,12,48,69
1497,2025,January,DMP,8,54,36,24,7,127,31,10,60,146,679,609,1791
1498,2025,January,CMP,2,7,3,7,0,26,5,4,12,28,120,157,371
1499,2025,January,KMP,2,1,2,3,0,19,2,0,0,14,47,88,178
1500,2025,January,RMP,1,0,2,0,0,12,1,1,4,5,51,89,166
1501,2025,January,BMP,0,0,3,0,1,14,0,1,10,8,49,46,132
1502,2025,January,SMP,0,1,0,5,0,7,0,0,7,20,60,46,146
1503,2025,January,RPMP,0,2,1,0,0,4,5,0,0,7,32,23,74
1504,2025,January,GMP,2,9,5,2,0,25,2,1,7,10,116,78,257
1505,2025,January,"Dhaka Range",24,31,76,4,0,229,16,5,44,106,1092,751,2378
1506,2025,January,"Mymensingh Range",4,2,13,11,0,85,5,2,7,46,427,265,867
1507,2025,January,"Chittagong Range",8,27,51,11,0,191,16,5,50,92,970,778,2199
1508,2025,January,"Sylhet Range",5,6,21,2,0,56,3,3,5,39,392,179,711
1509,2025,January,"Khulna Range",4,10,28,5,0,153,3,0,17,79,637,413,1349
1510,2025,January,"Barishal Range",4,2,12,12,0,98,3,3,15,40,515,143,847
1511,2025,January,"Rajshahi Range",4,12,22,5,0,200,9,1,10,73,670,569,1575
1512,2025,January,"Rangpur Range",3,6,19,0,0,194,4,2,14,67,730,434,1473
1513,2025,January,"Railway Range",0,1,0,0,0,0,0,0,0,17,16,24,58
1514,2025,February,DMP,6,46,38,18,9,142,18,7,36,117,638,491,1566
1515,2025,February,CMP,1,10,3,5,0,23,5,4,11,22,114,106,304
1516,2025,February,KMP,0,1,1,0,0,7,3,0,2,14,45,75,148
1517,2025,February,RMP,1,5,4,0,1,6,2,0,2,7,53,95,176
1518,2025,February,BMP,1,0,2,0,0,17,0,0,4,5,47,24,100
1519,2025,February,SMP,0,3,3,1,0,5,0,0,2,6,58,67,145
1520,2025,February,RPMP,0,2,0,0,0,10,0,0,0,8,26,18,64
1521,2025,February,GMP,1,1,8,0,0,20,6,0,2,12,93,66,209
1522,2025,February,"Dhaka Range",25,25,66,8,0,229,10,7,37,111,1051,577,2146
1523,2025,February,"Mymensingh Range",1,4,19,10,0,94,3,1,6,35,372,247,792
1524,2025,February,"Chittagong Range",13,14,50,11,0,171,10,5,43,75,896,662,1950
1525,2025,February,"Sylhet Range",2,6,13,3,0,79,1,5,4,50,385,127,675
1526,2025,February,"Khulna Range",2,11,22,2,0,140,2,1,18,60,591,342,1191
1527,2025,February,"Barishal Range",6,4,16,18,0,120,5,2,14,25,435,125,770
1528,2025,February,"Rajshahi Range",11,11,30,5,0,196,5,4,8,47,602,451,1370
1529,2025,February,"Rangpur Range",4,6,23,2,0,171,8,1,4,69,644,425,1357
1530,2025,February,"Railway Range",0,4,2,0,0,0,0,0,0,10,8,15,39
1531,2025,March,DMP,3,38,33,12,15,162,19,23,43,137,699,570,1754
1532,2025,March,CMP,1,4,7,8,0,46,8,4,8,17,185,149,437
1533,2025,March,KMP,0,5,1,3,0,14,1,3,5,20,53,65,170
1534,2025,March,RMP,0,1,3,1,1,19,3,2,3,4,45,53,135
1535,2025,March,BMP,0,0,4,1,0,24,0,3,3,3,43,29,110
1536,2025,March,SMP,0,3,0,7,0,14,2,3,1,6,73,56,165
1537,2025,March,RPMP,0,1,0,1,0,10,1,0,0,6,27,23,69
1538,2025,March,GMP,1,5,5,2,0,41,0,1,4,13,94,78,244
1539,2025,March,"Dhaka Range",21,42,66,4,0,375,10,22,43,144,1325,639,2691
1540,2025,March,"Mymensingh Range",2,7,22,5,0,132,2,2,9,39,498,291,1009
1541,2025,March,"Chittagong Range",13,25,65,16,0,249,20,11,39,128,1185,805,2556
1542,2025,March,"Sylhet Range",3,5,13,1,0,97,0,13,5,50,541,173,901
1543,2025,March,"Khulna Range",2,11,36,12,0,218,2,2,16,81,772,399,1551
1544,2025,March,"Barishal Range",5,1,14,12,0,164,2,2,13,44,564,153,974
1545,2025,March,"Rajshahi Range",7,10,21,4,0,271,5,4,8,79,930,514,1853
1546,2025,March,"Rangpur Range",2,10,26,0,0,218,7,1,6,80,795,401,1546
1547,2025,March,"Railway Range",0,3,0,1,0,0,1,0,0,15,20,35,75
1548,2025,April,DMP,7,37,29,12,1,191,19,7,48,118,540,538,1547
1549,2025,April,CMP,0,3,11,8,0,51,3,3,16,27,148,130,400
1550,2025,April,KMP,0,0,2,2,0,15,1,1,7,16,52,59,155
1551,2025,April,RMP,0,2,2,1,0,21,0,1,4,13,58,72,174
1552,2025,April,BMP,0,1,3,1,0,27,0,1,2,4,62,38,139
1553,2025,April,SMP,0,0,3,0,0,11,0,1,6,8,56,52,137
1554,2025,April,RPMP,0,0,0,0,0,16,0,0,0,6,33,14,69
1555,2025,April,GMP,4,9,8,0,0,33,2,1,4,9,99,68,237
1556,2025,April,"Dhaka Range",11,28,74,6,0,345,19,12,52,96,1388,699,2730
1557,2025,April,"Mymensingh Range",0,7,21,6,0,120,2,1,4,37,512,339,1049
1558,2025,April,"Chittagong Range",8,19,66,15,2,278,15,7,39,98,1298,781,2626
1559,2025,April,"Sylhet Range",3,6,20,0,0,97,1,3,3,38,420,189,780
1560,2025,April,"Khulna Range",0,16,32,14,0,207,6,2,11,64,851,473,1676
1561,2025,April,"Barishal Range",6,2,15,11,0,197,3,2,14,28,579,157,1014
1562,2025,April,"Rajshahi Range",7,11,35,11,0,265,10,9,5,84,919,639,1995
1563,2025,April,"Rangpur Range",0,4,13,1,0,213,7,1,4,60,837,443,1583
1564,2025,April,"Railway Range",0,4,2,0,0,2,0,0,0,9,10,30,57
1565,2025,May,DMP,5,40,32,12,6,183,25,9,50,128,630,613,1733
1566,2025,May,CMP,0,8,6,14,0,47,0,4,8,30,150,141,408
1567,2025,May,KMP,1,5,5,2,0,15,0,1,5,5,43,93,175
1568,2025,May,RMP,1,5,0,0,0,12,2,0,3,13,72,95,203
1569,2025,May,BMP,1,0,4,1,1,27,1,1,5,11,51,37,140
1570,2025,May,SMP,0,1,1,2,0,12,0,1,3,14,51,49,134
1571,2025,May,RPMP,1,1,1,0,0,12,0,0,0,7,44,20,86
1572,2025,May,GMP,2,9,7,0,0,33,5,0,2,14,121,77,270
1573,2025,May,"Dhaka Range",24,39,94,9,0,375,15,16,45,121,1197,809,2744
1574,2025,May,"Mymensingh Range",2,3,17,3,0,123,1,2,5,47,428,303,934
1575,2025,May,"Chittagong Range",12,20,55,8,1,242,9,11,53,85,1218,860,2574
1576,2025,May,"Sylhet Range",1,5,21,5,0,99,3,2,7,56,430,176,805
1577,2025,May,"Khulna Range",6,8,36,8,0,192,0,8,13,78,709,438,1496
1578,2025,May,"Barishal Range",6,5,12,12,0,181,5,3,16,27,550,163,980
1579,2025,May,"Rajshahi Range",3,11,29,4,0,298,10,2,7,70,805,551,1790
1580,2025,May,"Rangpur Range",2,4,20,0,0,236,6,2,7,46,780,390,1493
1581,2025,May,"Railway Range",0,13,1,0,0,0,0,0,0,13,12,41,80
1582,2025,June,DMP,4,32,49,8,4,168,20,6,55,90,456,564,1456
1583,2025,June,CMP,0,7,7,9,0,34,3,1,15,36,100,138,350
1584,2025,June,KMP,0,4,3,1,0,14,0,1,8,14,35,61,141
1585,2025,June,RMP,0,7,0,0,0,19,3,0,3,14,63,58,167
1586,2025,June,BMP,0,2,2,0,1,15,1,1,2,5,48,38,115
1587,2025,June,SMP,0,2,2,5,0,12,0,0,4,5,50,31,111
1588,2025,June,RPMP,0,1,2,0,2,11,2,0,0,7,28,24,77
1589,2025,June,GMP,1,5,8,0,0,24,6,3,7,12,76,59,201
1590,2025,June,"Dhaka Range",22,37,82,9,0,318,17,8,50,104,1233,755,2635
1591,2025,June,"Mymensingh Range",1,6,19,5,0,133,2,1,8,39,536,318,1068
1592,2025,June,"Chittagong Range",8,13,53,11,1,246,10,9,43,98,1118,792,2402
1593,2025,June,"Sylhet Range",2,4,20,3,0,92,2,5,5,52,371,142,698
1594,2025,June,"Khulna Range",5,9,28,9,0,156,6,4,19,61,651,432,1380
1595,2025,June,"Barishal Range",1,3,7,4,0,169,2,2,12,36,552,137,925
1596,2025,June,"Rajshahi Range",3,11,38,0,0,230,4,3,8,56,890,493,1736
1597,2025,June,"Rangpur Range",2,3,23,0,0,290,2,0,5,77,836,407,1645
1598,2025,June,"Railway Range",0,5,1,0,0,2,0,0,0,16,8,28,60
1599,2025,July,DMP,4,38,75,8,3,171,25,5,46,101,555,575,1606
1600,2025,July,CMP,0,8,9,4,0,54,6,4,16,28,129,164,422
1601,2025,July,KMP,0,0,2,1,0,14,1,0,7,14,38,63,140
1602,2025,July,RMP,0,4,2,0,0,18,3,2,6,14,64,90,203
1603,2025,July,BMP,0,1,1,1,0,26,0,0,5,8,41,40,123
1604,2025,July,SMP,0,3,2,1,0,11,0,0,4,9,38,39,107
1605,2025,July,RPMP,1,1,0,0,0,7,1,0,0,8,32,24,74
1606,2025,July,GMP,2,3,9,0,0,32,6,2,5,13,93,73,238
1607,2025,July,"Dhaka Range",22,36,77,14,0,364,12,6,70,142,1102,901,2746
1608,2025,July,"Mymensingh Range",0,3,23,7,0,114,10,1,7,36,408,325,934
1609,2025,July,"Chittagong Range",11,25,46,16,0,239,18,7,58,124,935,942,2421
1610,2025,July,"Sylhet Range",2,3,20,3,0,103,3,3,5,51,387,166,746
1611,2025,July,"Khulna Range",4,10,25,14,0,225,7,2,23,81,527,429,1347
1612,2025,July,"Barishal Range",8,7,15,14,1,188,4,1,24,43,412,158,875
1613,2025,July,"Rajshahi Range",4,14,27,6,0,235,7,3,9,89,742,498,1634
1614,2025,July,"Rangpur Range",1,5,29,0,0,287,6,3,7,72,821,457,1688
1615,2025,July,"Railway Range",0,5,0,0,0,9,0,0,0,16,9,46,85
1616,2025,August,DMP,2,52,32,7,1,159,16,5,51,132,555,594,1606
1617,2025,August,CMP,1,10,3,7,0,49,6,7,13,25,134,145,400
1618,2025,August,KMP,0,0,5,0,0,20,1,3,6,19,31,70,155
1619,2025,August,RMP,0,4,3,0,0,17,3,0,7,20,75,71,200
1620,2025,August,BMP,0,0,2,0,0,29,0,1,3,9,38,43,125
1621,2025,August,SMP,1,0,3,0,0,5,1,1,4,16,61,33,125
1622,2025,August,RPMP,0,0,0,0,0,12,1,0,2,5,25,16,61
1623,2025,August,GMP,3,6,7,0,0,27,3,2,6,26,88,82,250
1624,2025,August,"Dhaka Range",19,36,73,8,0,346,19,6,49,159,1156,924,2795
1625,2025,August,"Mymensingh Range",0,5,24,1,0,104,5,3,10,34,364,358,908
1626,2025,August,"Chittagong Range",17,18,42,17,1,229,15,6,76,134,1014,1061,2630
1627,2025,August,"Sylhet Range",2,5,17,3,0,81,0,7,5,63,338,184,705
1628,2025,August,"Khulna Range",2,11,30,14,0,147,5,2,25,80,581,449,1346
1629,2025,August,"Barishal Range",7,8,16,5,0,196,5,3,35,52,438,225,990
1630,2025,August,"Rajshahi Range",7,8,37,4,0,216,4,3,5,91,742,456,1573
1631,2025,August,"Rangpur Range",1,9,25,0,0,264,5,2,14,74,833,473,1700
1632,2025,August,"Railway Range",0,4,2,0,0,3,1,0,0,17,11,49,87
1633,2025,September,DMP,4,36,25,11,1,137,19,4,44,119,576,553,1529
1634,2025,September,CMP,0,4,7,4,0,46,5,5,12,41,140,139,403
1635,2025,September,KMP,0,1,1,0,0,16,2,1,6,15,36,62,140
1636,2025,September,RMP,0,3,0,0,0,13,4,0,5,8,68,78,179
1637,2025,September,BMP,1,0,0,0,0,34,1,1,5,9,39,35,125
1638,2025,September,SMP,1,2,2,5,0,6,2,0,5,16,63,63,165
1639,2025,September,RPMP,0,3,0,0,0,3,3,0,1,11,30,16,67
1640,2025,September,GMP,1,6,3,0,0,35,6,2,8,16,96,77,250
1641,2025,September,"Dhaka Range",10,51,77,8,0,346,3,11,49,141,1194,928,2818
1642,2025,September,"Mymensingh Range",0,4,15,6,0,117,2,1,13,55,384,356,953
1643,2025,September,"Chittagong Range",16,22,55,31,1,240,22,9,68,130,1067,1019,2680
1644,2025,September,"Sylhet Range",3,4,16,5,0,77,2,2,5,61,396,192,763
1645,2025,September,"Khulna Range",1,12,27,9,1,163,9,2,21,66,585,445,1341
1646,2025,September,"Barishal Range",2,4,18,3,0,210,1,0,34,30,454,185,941
1647,2025,September,"Rajshahi Range",8,9,26,7,0,247,9,5,11,65,795,386,1568
1648,2025,September,"Rangpur Range",2,4,24,3,0,238,6,0,8,85,694,355,1419
1649,2025,September,"Railway Range",1,4,1,0,0,0,0,0,0,20,14,50,90
1650,2025,October,DMP,1,29,22,8,1,166,24,9,43,119,546,563,1531
1651,2025,October,CMP,3,10,5,21,0,51,4,5,13,34,132,170,448
1652,2025,October,KMP,0,3,5,1,0,11,3,0,8,13,42,72,158
1653,2025,October,RMP,0,4,3,0,0,16,1,1,3,9,81,58,176
1654,2025,October,BMP,0,1,0,0,0,22,5,0,5,8,68,38,147
1655,2025,October,SMP,1,1,1,4,0,8,2,2,4,16,60,85,184
1656,2025,October,RPMP,0,1,0,0,0,10,1,1,4,6,26,17,66
1657,2025,October,GMP,4,6,11,2,0,24,7,3,4,14,106,102,283
1658,2025,October,"Dhaka Range",9,49,59,13,0,362,18,12,50,156,1361,984,3073
1659,2025,October,"Mymensingh Range",1,3,29,4,0,115,1,2,15,43,379,347,939
1660,2025,October,"Chittagong Range",19,26,59,27,0,263,17,16,73,139,1156,998,2793
1661,2025,October,"Sylhet Range",2,7,15,1,0,80,2,6,5,58,405,168,749
1662,2025,October,"Khulna Range",5,10,34,10,0,136,8,3,23,90,612,435,1366
1663,2025,October,"Barishal Range",3,6,16,1,0,186,6,2,23,28,576,184,1031
1664,2025,October,"Rajshahi Range",7,12,41,7,0,258,4,5,12,103,826,345,1620
1665,2025,October,"Rangpur Range",1,10,17,0,0,277,7,2,16,84,748,363,1525
1666,2025,October,"Railway Range",0,2,2,4,0,0,0,0,0,11,15,47,81
1667,2025,November,DMP,1,28,27,12,0,134,28,2,45,123,508,475,1383
1668,2025,November,CMP,0,2,8,10,0,39,5,3,17,34,148,146,412
1669,2025,November,KMP,0,2,5,1,0,14,0,0,6,13,33,62,136
1670,2025,November,RMP,1,2,1,0,0,11,5,0,7,8,47,66,148
1671,2025,November,BMP,0,2,1,0,0,19,5,2,5,7,74,41,156
1672,2025,November,SMP,1,0,5,6,0,11,0,1,5,17,71,79,196
1673,2025,November,RPMP,2,1,0,0,0,8,1,0,1,6,27,21,67
1674,2025,November,GMP,2,4,6,1,0,41,10,3,6,23,108,66,270
1675,2025,November,"Dhaka Range",11,38,53,6,0,344,12,5,44,154,1235,838,2740
1676,2025,November,"Mymensingh Range",0,2,21,5,0,102,2,2,9,54,369,289,855
1677,2025,November,"Chittagong Range",11,19,51,16,0,210,13,9,53,99,1025,905,2411
1678,2025,November,"Sylhet Range",1,4,9,6,0,68,2,3,10,47,414,192,756
1679,2025,November,"Khulna Range",2,14,19,12,0,135,4,4,16,64,557,365,1192
1680,2025,November,"Barishal Range",4,2,14,4,0,208,1,2,31,30,440,171,907
1681,2025,November,"Rajshahi Range",6,8,36,0,0,173,2,4,5,82,718,360,1394
1682,2025,November,"Rangpur Range",2,7,20,0,0,226,3,1,7,69,771,263,1369
1683,2025,November,"Railway Range",0,5,3,0,3,1,0,0,0,12,15,34,73
1684,2025,December,DMP,3,22,20,8,0,113,23,2,44,76,434,519,1264
1685,2025,December,CMP,0,4,2,5,0,29,5,3,10,23,139,148,368
1686,2025,December,KMP,0,1,4,0,0,6,0,0,2,14,27,51,105
1687,2025,December,RMP,1,4,4,0,0,7,2,2,6,8,35,91,160
1688,2025,December,BMP,1,1,2,2,0,15,4,1,4,3,40,38,111
1689,2025,December,SMP,1,0,2,5,0,10,2,1,3,18,45,74,161
1690,2025,December,RPMP,1,2,0,0,0,8,0,0,2,4,40,29,86
1691,2025,December,GMP,2,7,4,0,0,22,7,1,4,16,84,90,237
1692,2025,December,"Dhaka Range",24,32,68,2,0,234,17,7,50,132,1073,906,2545
1693,2025,December,"Mymensingh Range",2,1,12,4,0,86,3,2,3,39,343,250,745
1694,2025,December,"Chittagong Range",10,22,44,19,0,169,10,4,53,83,960,860,2234
1695,2025,December,"Sylhet Range",2,5,19,3,0,58,1,2,7,44,402,204,747
1696,2025,December,"Khulna Range",2,10,23,9,0,97,5,1,25,57,497,398,1124
1697,2025,December,"Barishal Range",5,4,11,3,0,111,1,0,25,16,414,139,729
1698,2025,December,"Rajshahi Range",8,9,33,1,0,142,2,2,0,80,656,396,1329
1699,2025,December,"Rangpur Range",2,5,26,0,0,141,5,1,11,51,694,286,1222
1700,2025,December,"Railway Range",0,3,3,2,0,0,0,0,0,4,3,50,65
